{"name":"TextBox","config":{"width":480,"height":320,"touchId":2,"displayId":1,"isIPS":false,"isBGR":false,"useSharedSPI":false,"invertedColors":false,"mirrorTouchX":false,"mirrorTouchY":false,"swapTouchXY":false,"useWatchdog":false,"watchdogTimeout":3},"telas":[{"version":"5.1.0","objects":[{"type":"regua","version":"5.1.0","originX":"left","originY":"top","left":0,"top":0,"width":480,"height":320,"fill":"rgb(0,0,0)","stroke":null,"strokeWidth":1,"strokeDashArray":null,"strokeLineCap":"butt","strokeDashOffset":0,"strokeLineJoin":"miter","strokeUniform":false,"strokeMiterLimit":4,"scaleX":1,"scaleY":1,"angle":0,"flipX":false,"flipY":false,"opacity":0.5,"shadow":null,"visible":false,"backgroundColor":"","fillRule":"nonzero","paintFirst":"fill","globalCompositeOperation":"source-over","skewX":0,"skewY":0,"objectType":"regua","distancia":5,"lineColor":"#000000","id":"1992f936c97-49d06745c-410164f2281c8710-00f0"},{"type":"linhagrade","version":"5.1.0","originX":"left","originY":"top","left":0,"top":0,"width":480,"height":320,"fill":"rgb(0,0,0)","stroke":null,"strokeWidth":1,"strokeDashArray":null,"strokeLineCap":"butt","strokeDashOffset":0,"strokeLineJoin":"miter","strokeUniform":false,"strokeMiterLimit":4,"scaleX":1,"scaleY":1,"angle":0,"flipX":false,"flipY":false,"opacity":0.5,"shadow":null,"visible":false,"backgroundColor":"","fillRule":"nonzero","paintFirst":"fill","globalCompositeOperation":"source-over","skewX":0,"skewY":0,"objectType":"linhagrade","distancia":5,"lineColor":"#000000","id":"1992f936c97-49d0673f8-c1f9be8729877a67-00ef"},{"type":"caixaTexto","version":"5.1.0","originX":"left","originY":"top","left":145,"top":140,"width":174,"height":25.6,"fill":"rgb(0,0,0)","stroke":null,"strokeWidth":0,"strokeDashArray":null,"strokeLineCap":"butt","strokeDashOffset":0,"strokeLineJoin":"miter","strokeUniform":false,"strokeMiterLimit":4,"scaleX":1,"scaleY":1,"angle":0,"flipX":false,"flipY":false,"opacity":1,"shadow":null,"visible":true,"backgroundColor":"","fillRule":"nonzero","paintFirst":"fill","globalCompositeOperation":"source-over","skewX":0,"skewY":0,"objects":[{"type":"rect","version":"5.1.0","originX":"left","originY":"top","left":-87,"top":-12.8,"width":174,"height":25.6,"fill":"#aaaaaa","stroke":"#ff0000","strokeWidth":1,"strokeDashArray":null,"strokeLineCap":"butt","strokeDashOffset":0,"strokeLineJoin":"miter","strokeUniform":false,"strokeMiterLimit":4,"scaleX":1,"scaleY":1,"angle":0,"flipX":false,"flipY":false,"opacity":1,"shadow":null,"visible":true,"backgroundColor":"","fillRule":"nonzero","paintFirst":"fill","globalCompositeOperation":"source-over","skewX":0,"skewY":0,"rx":0,"ry":0},{"type":"text","version":"5.1.0","originX":"left","originY":"top","left":-87,"top":-12.8,"width":174,"height":22.6,"fill":"#ff0000","stroke":null,"strokeWidth":1,"strokeDashArray":null,"strokeLineCap":"butt","strokeDashOffset":0,"strokeLineJoin":"miter","strokeUniform":false,"strokeMiterLimit":4,"scaleX":1,"scaleY":1,"angle":0,"flipX":false,"flipY":false,"opacity":1,"shadow":null,"visible":true,"backgroundColor":"","fillRule":"nonzero","paintFirst":"fill","globalCompositeOperation":"source-over","skewX":0,"skewY":0,"clipPath":{"type":"rect","version":"5.1.0","originX":"left","originY":"top","left":-87,"top":-12.8,"width":174,"height":25.6,"fill":"rgb(0,0,0)","stroke":null,"strokeWidth":1,"strokeDashArray":null,"strokeLineCap":"butt","strokeDashOffset":0,"strokeLineJoin":"miter","strokeUniform":false,"strokeMiterLimit":4,"scaleX":1,"scaleY":1,"angle":0,"flipX":false,"flipY":false,"opacity":1,"shadow":null,"visible":true,"backgroundColor":"","fillRule":"nonzero","paintFirst":"fill","globalCompositeOperation":"source-over","skewX":0,"skewY":0,"rx":0,"ry":0,"inverted":false,"absolutePositioned":false},"fontFamily":"Roboto","fontWeight":"normal","fontSize":20,"text":"Your text here...","underline":false,"overline":false,"linethrough":false,"textAlign":"left","fontStyle":"normal","lineHeight":1.16,"textBackgroundColor":"","charSpacing":0,"styles":{},"direction":"ltr","path":null,"pathStartOffset":0,"pathSide":"left","pathAlign":"baseline"}],"objectType":"caixaTexto","corTexto":"#ff0000","corTextoId":"fstfic84","label":"Textbox","texto":"Your text here...","globalVar":true,"id":"1992f979de0-4ad66fab0-6c80cf87087f28d3-00f3","fontFamily":"Roboto","multiplicador":"10","corOffId":"vzphqwc0","corOff":"#aaaaaa"},{"type":"circularmask","version":"5.1.0","originX":"center","originY":"center","left":270,"top":190,"width":543,"height":383,"fill":"rgb(0,0,0)","stroke":null,"strokeWidth":0,"strokeDashArray":null,"strokeLineCap":"butt","strokeDashOffset":0,"strokeLineJoin":"miter","strokeUniform":false,"strokeMiterLimit":4,"scaleX":1,"scaleY":1,"angle":0,"flipX":false,"flipY":false,"opacity":1,"shadow":null,"visible":false,"backgroundColor":"","fillRule":"nonzero","paintFirst":"fill","globalCompositeOperation":"source-over","skewX":0,"skewY":0,"objects":[{"type":"rect","version":"5.1.0","originX":"left","originY":"top","left":-271.5,"top":-191.5,"width":542,"height":382,"fill":"#616161","stroke":null,"strokeWidth":1,"strokeDashArray":null,"strokeLineCap":"butt","strokeDashOffset":0,"strokeLineJoin":"miter","strokeUniform":false,"strokeMiterLimit":4,"scaleX":1,"scaleY":1,"angle":0,"flipX":false,"flipY":false,"opacity":1,"shadow":null,"visible":true,"backgroundColor":"","fillRule":"nonzero","paintFirst":"fill","globalCompositeOperation":"source-over","skewX":0,"skewY":0,"rx":0,"ry":0},{"type":"circle","version":"5.1.0","originX":"left","originY":"top","left":-160.5,"top":-160.5,"width":320,"height":320,"fill":"#ff0000","stroke":null,"strokeWidth":1,"strokeDashArray":null,"strokeLineCap":"butt","strokeDashOffset":0,"strokeLineJoin":"miter","strokeUniform":false,"strokeMiterLimit":4,"scaleX":1,"scaleY":1,"angle":0,"flipX":false,"flipY":false,"opacity":1,"shadow":null,"visible":true,"backgroundColor":"","fillRule":"nonzero","paintFirst":"fill","globalCompositeOperation":"destination-out","skewX":0,"skewY":0,"radius":160,"startAngle":0,"endAngle":360},{"type":"line","version":"5.1.0","originX":"left","originY":"top","left":-0.5,"top":-0.5,"width":170,"height":0,"fill":"rgb(0,0,0)","stroke":"#000000","strokeWidth":1,"strokeDashArray":null,"strokeLineCap":"butt","strokeDashOffset":0,"strokeLineJoin":"miter","strokeUniform":false,"strokeMiterLimit":4,"scaleX":1,"scaleY":1,"angle":0,"flipX":false,"flipY":false,"opacity":0.2,"shadow":null,"visible":true,"backgroundColor":"","fillRule":"nonzero","paintFirst":"fill","globalCompositeOperation":"source-over","skewX":0,"skewY":0,"x1":-85,"x2":85,"y1":0,"y2":0},{"type":"text","version":"5.1.0","originX":"center","originY":"center","left":179.5,"top":-0.5,"width":5.62,"height":11.3,"fill":"black","stroke":null,"strokeWidth":1,"strokeDashArray":null,"strokeLineCap":"butt","strokeDashOffset":0,"strokeLineJoin":"miter","strokeUniform":false,"strokeMiterLimit":4,"scaleX":1,"scaleY":1,"angle":0,"flipX":false,"flipY":false,"opacity":0.2,"shadow":null,"visible":true,"backgroundColor":"","fillRule":"nonzero","paintFirst":"fill","globalCompositeOperation":"source-over","skewX":0,"skewY":0,"fontFamily":"Roboto","fontWeight":"normal","fontSize":10,"text":"0","underline":false,"overline":false,"linethrough":false,"textAlign":"left","fontStyle":"normal","lineHeight":1.16,"textBackgroundColor":"","charSpacing":0,"styles":{},"direction":"ltr","path":null,"pathStartOffset":0,"pathSide":"left","pathAlign":"baseline"},{"type":"line","version":"5.1.0","originX":"left","originY":"top","left":154.05,"top":40.91,"width":4.83,"height":1.29,"fill":"rgb(0,0,0)","stroke":"#000000","strokeWidth":1,"strokeDashArray":null,"strokeLineCap":"butt","strokeDashOffset":0,"strokeLineJoin":"miter","strokeUniform":false,"strokeMiterLimit":4,"scaleX":1,"scaleY":1,"angle":0,"flipX":false,"flipY":false,"opacity":0.2,"shadow":null,"visible":true,"backgroundColor":"","fillRule":"nonzero","paintFirst":"fill","globalCompositeOperation":"source-over","skewX":0,"skewY":0,"x1":-2.414814565722679,"x2":2.414814565722679,"y1":-0.6470476127563032,"y2":0.6470476127563032},{"type":"text","version":"5.1.0","originX":"center","originY":"center","left":168.54,"top":44.79,"width":11.23,"height":11.3,"fill":"black","stroke":null,"strokeWidth":1,"strokeDashArray":null,"strokeLineCap":"butt","strokeDashOffset":0,"strokeLineJoin":"miter","strokeUniform":false,"strokeMiterLimit":4,"scaleX":1,"scaleY":1,"angle":0,"flipX":false,"flipY":false,"opacity":0.2,"shadow":null,"visible":true,"backgroundColor":"","fillRule":"nonzero","paintFirst":"fill","globalCompositeOperation":"source-over","skewX":0,"skewY":0,"fontFamily":"Roboto","fontWeight":"normal","fontSize":10,"text":"15","underline":false,"overline":false,"linethrough":false,"textAlign":"left","fontStyle":"normal","lineHeight":1.16,"textBackgroundColor":"","charSpacing":0,"styles":{},"direction":"ltr","path":null,"pathStartOffset":0,"pathSide":"left","pathAlign":"baseline"},{"type":"line","version":"5.1.0","originX":"left","originY":"top","left":138.06,"top":79.5,"width":4.33,"height":2.5,"fill":"rgb(0,0,0)","stroke":"#000000","strokeWidth":1,"strokeDashArray":null,"strokeLineCap":"butt","strokeDashOffset":0,"strokeLineJoin":"miter","strokeUniform":false,"strokeMiterLimit":4,"scaleX":1,"scaleY":1,"angle":0,"flipX":false,"flipY":false,"opacity":0.2,"shadow":null,"visible":true,"backgroundColor":"","fillRule":"nonzero","paintFirst":"fill","globalCompositeOperation":"source-over","skewX":0,"skewY":0,"x1":-2.165063509461092,"x2":2.165063509461092,"y1":-1.25,"y2":1.25},{"type":"text","version":"5.1.0","originX":"center","originY":"center","left":151.05,"top":87,"width":11.23,"height":11.3,"fill":"black","stroke":null,"strokeWidth":1,"strokeDashArray":null,"strokeLineCap":"butt","strokeDashOffset":0,"strokeLineJoin":"miter","strokeUniform":false,"strokeMiterLimit":4,"scaleX":1,"scaleY":1,"angle":0,"flipX":false,"flipY":false,"opacity":0.2,"shadow":null,"visible":true,"backgroundColor":"","fillRule":"nonzero","paintFirst":"fill","globalCompositeOperation":"source-over","skewX":0,"skewY":0,"fontFamily":"Roboto","fontWeight":"normal","fontSize":10,"text":"30","underline":false,"overline":false,"linethrough":false,"textAlign":"left","fontStyle":"normal","lineHeight":1.16,"textBackgroundColor":"","charSpacing":0,"styles":{},"direction":"ltr","path":null,"pathStartOffset":0,"pathSide":"left","pathAlign":"baseline"},{"type":"line","version":"5.1.0","originX":"left","originY":"top","left":-0.5,"top":-0.5,"width":120.21,"height":120.21,"fill":"rgb(0,0,0)","stroke":"#000000","strokeWidth":1,"strokeDashArray":null,"strokeLineCap":"butt","strokeDashOffset":0,"strokeLineJoin":"miter","strokeUniform":false,"strokeMiterLimit":4,"scaleX":1,"scaleY":1,"angle":0,"flipX":false,"flipY":false,"opacity":0.2,"shadow":null,"visible":true,"backgroundColor":"","fillRule":"nonzero","paintFirst":"fill","globalCompositeOperation":"source-over","skewX":0,"skewY":0,"x1":-60.10407640085654,"x2":60.10407640085654,"y1":-60.104076400856535,"y2":60.104076400856535},{"type":"text","version":"5.1.0","originX":"center","originY":"center","left":126.78,"top":126.78,"width":11.23,"height":11.3,"fill":"black","stroke":null,"strokeWidth":1,"strokeDashArray":null,"strokeLineCap":"butt","strokeDashOffset":0,"strokeLineJoin":"miter","strokeUniform":false,"strokeMiterLimit":4,"scaleX":1,"scaleY":1,"angle":0,"flipX":false,"flipY":false,"opacity":0.2,"shadow":null,"visible":true,"backgroundColor":"","fillRule":"nonzero","paintFirst":"fill","globalCompositeOperation":"source-over","skewX":0,"skewY":0,"fontFamily":"Roboto","fontWeight":"normal","fontSize":10,"text":"45","underline":false,"overline":false,"linethrough":false,"textAlign":"left","fontStyle":"normal","lineHeight":1.16,"textBackgroundColor":"","charSpacing":0,"styles":{},"direction":"ltr","path":null,"pathStartOffset":0,"pathSide":"left","pathAlign":"baseline"},{"type":"line","version":"5.1.0","originX":"left","originY":"top","left":79.5,"top":138.06,"width":2.5,"height":4.33,"fill":"rgb(0,0,0)","stroke":"#000000","strokeWidth":1,"strokeDashArray":null,"strokeLineCap":"butt","strokeDashOffset":0,"strokeLineJoin":"miter","strokeUniform":false,"strokeMiterLimit":4,"scaleX":1,"scaleY":1,"angle":0,"flipX":false,"flipY":false,"opacity":0.2,"shadow":null,"visible":true,"backgroundColor":"","fillRule":"nonzero","paintFirst":"fill","globalCompositeOperation":"source-over","skewX":0,"skewY":0,"x1":-1.25,"x2":1.25,"y1":-2.165063509461106,"y2":2.165063509461106},{"type":"text","version":"5.1.0","originX":"center","originY":"center","left":87,"top":151.05,"width":11.23,"height":11.3,"fill":"black","stroke":null,"strokeWidth":1,"strokeDashArray":null,"strokeLineCap":"butt","strokeDashOffset":0,"strokeLineJoin":"miter","strokeUniform":false,"strokeMiterLimit":4,"scaleX":1,"scaleY":1,"angle":0,"flipX":false,"flipY":false,"opacity":0.2,"shadow":null,"visible":true,"backgroundColor":"","fillRule":"nonzero","paintFirst":"fill","globalCompositeOperation":"source-over","skewX":0,"skewY":0,"fontFamily":"Roboto","fontWeight":"normal","fontSize":10,"text":"60","underline":false,"overline":false,"linethrough":false,"textAlign":"left","fontStyle":"normal","lineHeight":1.16,"textBackgroundColor":"","charSpacing":0,"styles":{},"direction":"ltr","path":null,"pathStartOffset":0,"pathSide":"left","pathAlign":"baseline"},{"type":"line","version":"5.1.0","originX":"left","originY":"top","left":40.91,"top":154.05,"width":1.29,"height":4.83,"fill":"rgb(0,0,0)","stroke":"#000000","strokeWidth":1,"strokeDashArray":null,"strokeLineCap":"butt","strokeDashOffset":0,"strokeLineJoin":"miter","strokeUniform":false,"strokeMiterLimit":4,"scaleX":1,"scaleY":1,"angle":0,"flipX":false,"flipY":false,"opacity":0.2,"shadow":null,"visible":true,"backgroundColor":"","fillRule":"nonzero","paintFirst":"fill","globalCompositeOperation":"source-over","skewX":0,"skewY":0,"x1":-0.6470476127563032,"x2":0.6470476127563032,"y1":-2.414814565722679,"y2":2.414814565722679},{"type":"text","version":"5.1.0","originX":"center","originY":"center","left":44.79,"top":168.54,"width":11.23,"height":11.3,"fill":"black","stroke":null,"strokeWidth":1,"strokeDashArray":null,"strokeLineCap":"butt","strokeDashOffset":0,"strokeLineJoin":"miter","strokeUniform":false,"strokeMiterLimit":4,"scaleX":1,"scaleY":1,"angle":0,"flipX":false,"flipY":false,"opacity":0.2,"shadow":null,"visible":true,"backgroundColor":"","fillRule":"nonzero","paintFirst":"fill","globalCompositeOperation":"source-over","skewX":0,"skewY":0,"fontFamily":"Roboto","fontWeight":"normal","fontSize":10,"text":"75","underline":false,"overline":false,"linethrough":false,"textAlign":"left","fontStyle":"normal","lineHeight":1.16,"textBackgroundColor":"","charSpacing":0,"styles":{},"direction":"ltr","path":null,"pathStartOffset":0,"pathSide":"left","pathAlign":"baseline"},{"type":"line","version":"5.1.0","originX":"left","originY":"top","left":-0.5,"top":-0.5,"width":0,"height":170,"fill":"rgb(0,0,0)","stroke":"#000000","strokeWidth":1,"strokeDashArray":null,"strokeLineCap":"butt","strokeDashOffset":0,"strokeLineJoin":"miter","strokeUniform":false,"strokeMiterLimit":4,"scaleX":1,"scaleY":1,"angle":0,"flipX":false,"flipY":false,"opacity":0.2,"shadow":null,"visible":true,"backgroundColor":"","fillRule":"nonzero","paintFirst":"fill","globalCompositeOperation":"source-over","skewX":0,"skewY":0,"x1":-5.204748896376251e-15,"x2":5.204748896376251e-15,"y1":-85,"y2":85},{"type":"text","version":"5.1.0","originX":"center","originY":"center","left":-0.5,"top":179.5,"width":11.23,"height":11.3,"fill":"black","stroke":null,"strokeWidth":1,"strokeDashArray":null,"strokeLineCap":"butt","strokeDashOffset":0,"strokeLineJoin":"miter","strokeUniform":false,"strokeMiterLimit":4,"scaleX":1,"scaleY":1,"angle":0,"flipX":false,"flipY":false,"opacity":0.2,"shadow":null,"visible":true,"backgroundColor":"","fillRule":"nonzero","paintFirst":"fill","globalCompositeOperation":"source-over","skewX":0,"skewY":0,"fontFamily":"Roboto","fontWeight":"normal","fontSize":10,"text":"90","underline":false,"overline":false,"linethrough":false,"textAlign":"left","fontStyle":"normal","lineHeight":1.16,"textBackgroundColor":"","charSpacing":0,"styles":{},"direction":"ltr","path":null,"pathStartOffset":0,"pathSide":"left","pathAlign":"baseline"},{"type":"line","version":"5.1.0","originX":"left","originY":"top","left":-43.21,"top":154.05,"width":1.29,"height":4.83,"fill":"rgb(0,0,0)","stroke":"#000000","strokeWidth":1,"strokeDashArray":null,"strokeLineCap":"butt","strokeDashOffset":0,"strokeLineJoin":"miter","strokeUniform":false,"strokeMiterLimit":4,"scaleX":1,"scaleY":1,"angle":0,"flipX":false,"flipY":false,"opacity":0.2,"shadow":null,"visible":true,"backgroundColor":"","fillRule":"nonzero","paintFirst":"fill","globalCompositeOperation":"source-over","skewX":0,"skewY":0,"x1":0.6470476127563032,"x2":-0.6470476127563032,"y1":-2.414814565722679,"y2":2.414814565722679},{"type":"text","version":"5.1.0","originX":"center","originY":"center","left":-45.79,"top":168.54,"width":16.85,"height":11.3,"fill":"black","stroke":null,"strokeWidth":1,"strokeDashArray":null,"strokeLineCap":"butt","strokeDashOffset":0,"strokeLineJoin":"miter","strokeUniform":false,"strokeMiterLimit":4,"scaleX":1,"scaleY":1,"angle":0,"flipX":false,"flipY":false,"opacity":0.2,"shadow":null,"visible":true,"backgroundColor":"","fillRule":"nonzero","paintFirst":"fill","globalCompositeOperation":"source-over","skewX":0,"skewY":0,"fontFamily":"Roboto","fontWeight":"normal","fontSize":10,"text":"105","underline":false,"overline":false,"linethrough":false,"textAlign":"left","fontStyle":"normal","lineHeight":1.16,"textBackgroundColor":"","charSpacing":0,"styles":{},"direction":"ltr","path":null,"pathStartOffset":0,"pathSide":"left","pathAlign":"baseline"},{"type":"line","version":"5.1.0","originX":"left","originY":"top","left":-83,"top":138.06,"width":2.5,"height":4.33,"fill":"rgb(0,0,0)","stroke":"#000000","strokeWidth":1,"strokeDashArray":null,"strokeLineCap":"butt","strokeDashOffset":0,"strokeLineJoin":"miter","strokeUniform":false,"strokeMiterLimit":4,"scaleX":1,"scaleY":1,"angle":0,"flipX":false,"flipY":false,"opacity":0.2,"shadow":null,"visible":true,"backgroundColor":"","fillRule":"nonzero","paintFirst":"fill","globalCompositeOperation":"source-over","skewX":0,"skewY":0,"x1":1.249999999999993,"x2":-1.249999999999993,"y1":-2.165063509461092,"y2":2.165063509461092},{"type":"text","version":"5.1.0","originX":"center","originY":"center","left":-88,"top":151.05,"width":16.85,"height":11.3,"fill":"black","stroke":null,"strokeWidth":1,"strokeDashArray":null,"strokeLineCap":"butt","strokeDashOffset":0,"strokeLineJoin":"miter","strokeUniform":false,"strokeMiterLimit":4,"scaleX":1,"scaleY":1,"angle":0,"flipX":false,"flipY":false,"opacity":0.2,"shadow":null,"visible":true,"backgroundColor":"","fillRule":"nonzero","paintFirst":"fill","globalCompositeOperation":"source-over","skewX":0,"skewY":0,"fontFamily":"Roboto","fontWeight":"normal","fontSize":10,"text":"120","underline":false,"overline":false,"linethrough":false,"textAlign":"left","fontStyle":"normal","lineHeight":1.16,"textBackgroundColor":"","charSpacing":0,"styles":{},"direction":"ltr","path":null,"pathStartOffset":0,"pathSide":"left","pathAlign":"baseline"},{"type":"line","version":"5.1.0","originX":"left","originY":"top","left":-120.71,"top":-0.5,"width":120.21,"height":120.21,"fill":"rgb(0,0,0)","stroke":"#000000","strokeWidth":1,"strokeDashArray":null,"strokeLineCap":"butt","strokeDashOffset":0,"strokeLineJoin":"miter","strokeUniform":false,"strokeMiterLimit":4,"scaleX":1,"scaleY":1,"angle":0,"flipX":false,"flipY":false,"opacity":0.2,"shadow":null,"visible":true,"backgroundColor":"","fillRule":"nonzero","paintFirst":"fill","globalCompositeOperation":"source-over","skewX":0,"skewY":0,"x1":60.104076400856535,"x2":-60.104076400856535,"y1":-60.10407640085654,"y2":60.10407640085654},{"type":"text","version":"5.1.0","originX":"center","originY":"center","left":-127.78,"top":126.78,"width":16.85,"height":11.3,"fill":"black","stroke":null,"strokeWidth":1,"strokeDashArray":null,"strokeLineCap":"butt","strokeDashOffset":0,"strokeLineJoin":"miter","strokeUniform":false,"strokeMiterLimit":4,"scaleX":1,"scaleY":1,"angle":0,"flipX":false,"flipY":false,"opacity":0.2,"shadow":null,"visible":true,"backgroundColor":"","fillRule":"nonzero","paintFirst":"fill","globalCompositeOperation":"source-over","skewX":0,"skewY":0,"fontFamily":"Roboto","fontWeight":"normal","fontSize":10,"text":"135","underline":false,"overline":false,"linethrough":false,"textAlign":"left","fontStyle":"normal","lineHeight":1.16,"textBackgroundColor":"","charSpacing":0,"styles":{},"direction":"ltr","path":null,"pathStartOffset":0,"pathSide":"left","pathAlign":"baseline"},{"type":"line","version":"5.1.0","originX":"left","originY":"top","left":-143.39,"top":79.5,"width":4.33,"height":2.5,"fill":"rgb(0,0,0)","stroke":"#000000","strokeWidth":1,"strokeDashArray":null,"strokeLineCap":"butt","strokeDashOffset":0,"strokeLineJoin":"miter","strokeUniform":false,"strokeMiterLimit":4,"scaleX":1,"scaleY":1,"angle":0,"flipX":false,"flipY":false,"opacity":0.2,"shadow":null,"visible":true,"backgroundColor":"","fillRule":"nonzero","paintFirst":"fill","globalCompositeOperation":"source-over","skewX":0,"skewY":0,"x1":2.165063509461092,"x2":-2.165063509461092,"y1":-1.25,"y2":1.25},{"type":"text","version":"5.1.0","originX":"center","originY":"center","left":-152.05,"top":87,"width":16.85,"height":11.3,"fill":"black","stroke":null,"strokeWidth":1,"strokeDashArray":null,"strokeLineCap":"butt","strokeDashOffset":0,"strokeLineJoin":"miter","strokeUniform":false,"strokeMiterLimit":4,"scaleX":1,"scaleY":1,"angle":0,"flipX":false,"flipY":false,"opacity":0.2,"shadow":null,"visible":true,"backgroundColor":"","fillRule":"nonzero","paintFirst":"fill","globalCompositeOperation":"source-over","skewX":0,"skewY":0,"fontFamily":"Roboto","fontWeight":"normal","fontSize":10,"text":"150","underline":false,"overline":false,"linethrough":false,"textAlign":"left","fontStyle":"normal","lineHeight":1.16,"textBackgroundColor":"","charSpacing":0,"styles":{},"direction":"ltr","path":null,"pathStartOffset":0,"pathSide":"left","pathAlign":"baseline"},{"type":"line","version":"5.1.0","originX":"left","originY":"top","left":-159.88,"top":40.91,"width":4.83,"height":1.29,"fill":"rgb(0,0,0)","stroke":"#000000","strokeWidth":1,"strokeDashArray":null,"strokeLineCap":"butt","strokeDashOffset":0,"strokeLineJoin":"miter","strokeUniform":false,"strokeMiterLimit":4,"scaleX":1,"scaleY":1,"angle":0,"flipX":false,"flipY":false,"opacity":0.2,"shadow":null,"visible":true,"backgroundColor":"","fillRule":"nonzero","paintFirst":"fill","globalCompositeOperation":"source-over","skewX":0,"skewY":0,"x1":2.414814565722679,"x2":-2.414814565722679,"y1":-0.6470476127563032,"y2":0.6470476127563032},{"type":"text","version":"5.1.0","originX":"center","originY":"center","left":-169.54,"top":44.79,"width":16.85,"height":11.3,"fill":"black","stroke":null,"strokeWidth":1,"strokeDashArray":null,"strokeLineCap":"butt","strokeDashOffset":0,"strokeLineJoin":"miter","strokeUniform":false,"strokeMiterLimit":4,"scaleX":1,"scaleY":1,"angle":0,"flipX":false,"flipY":false,"opacity":0.2,"shadow":null,"visible":true,"backgroundColor":"","fillRule":"nonzero","paintFirst":"fill","globalCompositeOperation":"source-over","skewX":0,"skewY":0,"fontFamily":"Roboto","fontWeight":"normal","fontSize":10,"text":"165","underline":false,"overline":false,"linethrough":false,"textAlign":"left","fontStyle":"normal","lineHeight":1.16,"textBackgroundColor":"","charSpacing":0,"styles":{},"direction":"ltr","path":null,"pathStartOffset":0,"pathSide":"left","pathAlign":"baseline"},{"type":"line","version":"5.1.0","originX":"left","originY":"top","left":-170.5,"top":-0.5,"width":170,"height":0,"fill":"rgb(0,0,0)","stroke":"#000000","strokeWidth":1,"strokeDashArray":null,"strokeLineCap":"butt","strokeDashOffset":0,"strokeLineJoin":"miter","strokeUniform":false,"strokeMiterLimit":4,"scaleX":1,"scaleY":1,"angle":0,"flipX":false,"flipY":false,"opacity":0.2,"shadow":null,"visible":true,"backgroundColor":"","fillRule":"nonzero","paintFirst":"fill","globalCompositeOperation":"source-over","skewX":0,"skewY":0,"x1":85,"x2":-85,"y1":-1.0409497792752502e-14,"y2":1.0409497792752502e-14},{"type":"text","version":"5.1.0","originX":"center","originY":"center","left":-180.5,"top":-0.5,"width":16.85,"height":11.3,"fill":"black","stroke":null,"strokeWidth":1,"strokeDashArray":null,"strokeLineCap":"butt","strokeDashOffset":0,"strokeLineJoin":"miter","strokeUniform":false,"strokeMiterLimit":4,"scaleX":1,"scaleY":1,"angle":0,"flipX":false,"flipY":false,"opacity":0.2,"shadow":null,"visible":true,"backgroundColor":"","fillRule":"nonzero","paintFirst":"fill","globalCompositeOperation":"source-over","skewX":0,"skewY":0,"fontFamily":"Roboto","fontWeight":"normal","fontSize":10,"text":"180","underline":false,"overline":false,"linethrough":false,"textAlign":"left","fontStyle":"normal","lineHeight":1.16,"textBackgroundColor":"","charSpacing":0,"styles":{},"direction":"ltr","path":null,"pathStartOffset":0,"pathSide":"left","pathAlign":"baseline"},{"type":"line","version":"5.1.0","originX":"left","originY":"top","left":-159.88,"top":-43.21,"width":4.83,"height":1.29,"fill":"rgb(0,0,0)","stroke":"#000000","strokeWidth":1,"strokeDashArray":null,"strokeLineCap":"butt","strokeDashOffset":0,"strokeLineJoin":"miter","strokeUniform":false,"strokeMiterLimit":4,"scaleX":1,"scaleY":1,"angle":0,"flipX":false,"flipY":false,"opacity":0.2,"shadow":null,"visible":true,"backgroundColor":"","fillRule":"nonzero","paintFirst":"fill","globalCompositeOperation":"source-over","skewX":0,"skewY":0,"x1":2.414814565722665,"x2":-2.414814565722665,"y1":0.6470476127563032,"y2":-0.6470476127563032},{"type":"text","version":"5.1.0","originX":"center","originY":"center","left":-169.54,"top":-45.79,"width":16.85,"height":11.3,"fill":"black","stroke":null,"strokeWidth":1,"strokeDashArray":null,"strokeLineCap":"butt","strokeDashOffset":0,"strokeLineJoin":"miter","strokeUniform":false,"strokeMiterLimit":4,"scaleX":1,"scaleY":1,"angle":0,"flipX":false,"flipY":false,"opacity":0.2,"shadow":null,"visible":true,"backgroundColor":"","fillRule":"nonzero","paintFirst":"fill","globalCompositeOperation":"source-over","skewX":0,"skewY":0,"fontFamily":"Roboto","fontWeight":"normal","fontSize":10,"text":"195","underline":false,"overline":false,"linethrough":false,"textAlign":"left","fontStyle":"normal","lineHeight":1.16,"textBackgroundColor":"","charSpacing":0,"styles":{},"direction":"ltr","path":null,"pathStartOffset":0,"pathSide":"left","pathAlign":"baseline"},{"type":"line","version":"5.1.0","originX":"left","originY":"top","left":-143.39,"top":-83,"width":4.33,"height":2.5,"fill":"rgb(0,0,0)","stroke":"#000000","strokeWidth":1,"strokeDashArray":null,"strokeLineCap":"butt","strokeDashOffset":0,"strokeLineJoin":"miter","strokeUniform":false,"strokeMiterLimit":4,"scaleX":1,"scaleY":1,"angle":0,"flipX":false,"flipY":false,"opacity":0.2,"shadow":null,"visible":true,"backgroundColor":"","fillRule":"nonzero","paintFirst":"fill","globalCompositeOperation":"source-over","skewX":0,"skewY":0,"x1":2.165063509461106,"x2":-2.165063509461106,"y1":1.25,"y2":-1.25},{"type":"text","version":"5.1.0","originX":"center","originY":"center","left":-152.05,"top":-88,"width":16.85,"height":11.3,"fill":"black","stroke":null,"strokeWidth":1,"strokeDashArray":null,"strokeLineCap":"butt","strokeDashOffset":0,"strokeLineJoin":"miter","strokeUniform":false,"strokeMiterLimit":4,"scaleX":1,"scaleY":1,"angle":0,"flipX":false,"flipY":false,"opacity":0.2,"shadow":null,"visible":true,"backgroundColor":"","fillRule":"nonzero","paintFirst":"fill","globalCompositeOperation":"source-over","skewX":0,"skewY":0,"fontFamily":"Roboto","fontWeight":"normal","fontSize":10,"text":"210","underline":false,"overline":false,"linethrough":false,"textAlign":"left","fontStyle":"normal","lineHeight":1.16,"textBackgroundColor":"","charSpacing":0,"styles":{},"direction":"ltr","path":null,"pathStartOffset":0,"pathSide":"left","pathAlign":"baseline"},{"type":"line","version":"5.1.0","originX":"left","originY":"top","left":-120.71,"top":-120.71,"width":120.21,"height":120.21,"fill":"rgb(0,0,0)","stroke":"#000000","strokeWidth":1,"strokeDashArray":null,"strokeLineCap":"butt","strokeDashOffset":0,"strokeLineJoin":"miter","strokeUniform":false,"strokeMiterLimit":4,"scaleX":1,"scaleY":1,"angle":0,"flipX":false,"flipY":false,"opacity":0.2,"shadow":null,"visible":true,"backgroundColor":"","fillRule":"nonzero","paintFirst":"fill","globalCompositeOperation":"source-over","skewX":0,"skewY":0,"x1":60.104076400856556,"x2":-60.104076400856556,"y1":60.104076400856535,"y2":-60.104076400856535},{"type":"text","version":"5.1.0","originX":"center","originY":"center","left":-127.78,"top":-127.78,"width":16.85,"height":11.3,"fill":"black","stroke":null,"strokeWidth":1,"strokeDashArray":null,"strokeLineCap":"butt","strokeDashOffset":0,"strokeLineJoin":"miter","strokeUniform":false,"strokeMiterLimit":4,"scaleX":1,"scaleY":1,"angle":0,"flipX":false,"flipY":false,"opacity":0.2,"shadow":null,"visible":true,"backgroundColor":"","fillRule":"nonzero","paintFirst":"fill","globalCompositeOperation":"source-over","skewX":0,"skewY":0,"fontFamily":"Roboto","fontWeight":"normal","fontSize":10,"text":"225","underline":false,"overline":false,"linethrough":false,"textAlign":"left","fontStyle":"normal","lineHeight":1.16,"textBackgroundColor":"","charSpacing":0,"styles":{},"direction":"ltr","path":null,"pathStartOffset":0,"pathSide":"left","pathAlign":"baseline"},{"type":"line","version":"5.1.0","originX":"left","originY":"top","left":-83,"top":-143.39,"width":2.5,"height":4.33,"fill":"rgb(0,0,0)","stroke":"#000000","strokeWidth":1,"strokeDashArray":null,"strokeLineCap":"butt","strokeDashOffset":0,"strokeLineJoin":"miter","strokeUniform":false,"strokeMiterLimit":4,"scaleX":1,"scaleY":1,"angle":0,"flipX":false,"flipY":false,"opacity":0.2,"shadow":null,"visible":true,"backgroundColor":"","fillRule":"nonzero","paintFirst":"fill","globalCompositeOperation":"source-over","skewX":0,"skewY":0,"x1":1.25,"x2":-1.25,"y1":2.165063509461092,"y2":-2.165063509461092},{"type":"text","version":"5.1.0","originX":"center","originY":"center","left":-88,"top":-152.05,"width":16.85,"height":11.3,"fill":"black","stroke":null,"strokeWidth":1,"strokeDashArray":null,"strokeLineCap":"butt","strokeDashOffset":0,"strokeLineJoin":"miter","strokeUniform":false,"strokeMiterLimit":4,"scaleX":1,"scaleY":1,"angle":0,"flipX":false,"flipY":false,"opacity":0.2,"shadow":null,"visible":true,"backgroundColor":"","fillRule":"nonzero","paintFirst":"fill","globalCompositeOperation":"source-over","skewX":0,"skewY":0,"fontFamily":"Roboto","fontWeight":"normal","fontSize":10,"text":"240","underline":false,"overline":false,"linethrough":false,"textAlign":"left","fontStyle":"normal","lineHeight":1.16,"textBackgroundColor":"","charSpacing":0,"styles":{},"direction":"ltr","path":null,"pathStartOffset":0,"pathSide":"left","pathAlign":"baseline"},{"type":"line","version":"5.1.0","originX":"left","originY":"top","left":-43.21,"top":-159.88,"width":1.29,"height":4.83,"fill":"rgb(0,0,0)","stroke":"#000000","strokeWidth":1,"strokeDashArray":null,"strokeLineCap":"butt","strokeDashOffset":0,"strokeLineJoin":"miter","strokeUniform":false,"strokeMiterLimit":4,"scaleX":1,"scaleY":1,"angle":0,"flipX":false,"flipY":false,"opacity":0.2,"shadow":null,"visible":true,"backgroundColor":"","fillRule":"nonzero","paintFirst":"fill","globalCompositeOperation":"source-over","skewX":0,"skewY":0,"x1":0.6470476127562996,"x2":-0.6470476127562996,"y1":2.414814565722679,"y2":-2.414814565722679},{"type":"text","version":"5.1.0","originX":"center","originY":"center","left":-45.79,"top":-169.54,"width":16.85,"height":11.3,"fill":"black","stroke":null,"strokeWidth":1,"strokeDashArray":null,"strokeLineCap":"butt","strokeDashOffset":0,"strokeLineJoin":"miter","strokeUniform":false,"strokeMiterLimit":4,"scaleX":1,"scaleY":1,"angle":0,"flipX":false,"flipY":false,"opacity":0.2,"shadow":null,"visible":true,"backgroundColor":"","fillRule":"nonzero","paintFirst":"fill","globalCompositeOperation":"source-over","skewX":0,"skewY":0,"fontFamily":"Roboto","fontWeight":"normal","fontSize":10,"text":"255","underline":false,"overline":false,"linethrough":false,"textAlign":"left","fontStyle":"normal","lineHeight":1.16,"textBackgroundColor":"","charSpacing":0,"styles":{},"direction":"ltr","path":null,"pathStartOffset":0,"pathSide":"left","pathAlign":"baseline"},{"type":"line","version":"5.1.0","originX":"left","originY":"top","left":-0.5,"top":-170.5,"width":0,"height":170,"fill":"rgb(0,0,0)","stroke":"#000000","strokeWidth":1,"strokeDashArray":null,"strokeLineCap":"butt","strokeDashOffset":0,"strokeLineJoin":"miter","strokeUniform":false,"strokeMiterLimit":4,"scaleX":1,"scaleY":1,"angle":0,"flipX":false,"flipY":false,"opacity":0.2,"shadow":null,"visible":true,"backgroundColor":"","fillRule":"nonzero","paintFirst":"fill","globalCompositeOperation":"source-over","skewX":0,"skewY":0,"x1":1.5614246689128753e-14,"x2":-1.5614246689128753e-14,"y1":85,"y2":-85},{"type":"text","version":"5.1.0","originX":"center","originY":"center","left":-0.5,"top":-180.5,"width":16.85,"height":11.3,"fill":"black","stroke":null,"strokeWidth":1,"strokeDashArray":null,"strokeLineCap":"butt","strokeDashOffset":0,"strokeLineJoin":"miter","strokeUniform":false,"strokeMiterLimit":4,"scaleX":1,"scaleY":1,"angle":0,"flipX":false,"flipY":false,"opacity":0.2,"shadow":null,"visible":true,"backgroundColor":"","fillRule":"nonzero","paintFirst":"fill","globalCompositeOperation":"source-over","skewX":0,"skewY":0,"fontFamily":"Roboto","fontWeight":"normal","fontSize":10,"text":"270","underline":false,"overline":false,"linethrough":false,"textAlign":"left","fontStyle":"normal","lineHeight":1.16,"textBackgroundColor":"","charSpacing":0,"styles":{},"direction":"ltr","path":null,"pathStartOffset":0,"pathSide":"left","pathAlign":"baseline"},{"type":"line","version":"5.1.0","originX":"left","originY":"top","left":40.91,"top":-159.88,"width":1.29,"height":4.83,"fill":"rgb(0,0,0)","stroke":"#000000","strokeWidth":1,"strokeDashArray":null,"strokeLineCap":"butt","strokeDashOffset":0,"strokeLineJoin":"miter","strokeUniform":false,"strokeMiterLimit":4,"scaleX":1,"scaleY":1,"angle":0,"flipX":false,"flipY":false,"opacity":0.2,"shadow":null,"visible":true,"backgroundColor":"","fillRule":"nonzero","paintFirst":"fill","globalCompositeOperation":"source-over","skewX":0,"skewY":0,"x1":-0.6470476127563032,"x2":0.6470476127563032,"y1":2.414814565722679,"y2":-2.414814565722679},{"type":"text","version":"5.1.0","originX":"center","originY":"center","left":44.79,"top":-169.54,"width":16.85,"height":11.3,"fill":"black","stroke":null,"strokeWidth":1,"strokeDashArray":null,"strokeLineCap":"butt","strokeDashOffset":0,"strokeLineJoin":"miter","strokeUniform":false,"strokeMiterLimit":4,"scaleX":1,"scaleY":1,"angle":0,"flipX":false,"flipY":false,"opacity":0.2,"shadow":null,"visible":true,"backgroundColor":"","fillRule":"nonzero","paintFirst":"fill","globalCompositeOperation":"source-over","skewX":0,"skewY":0,"fontFamily":"Roboto","fontWeight":"normal","fontSize":10,"text":"285","underline":false,"overline":false,"linethrough":false,"textAlign":"left","fontStyle":"normal","lineHeight":1.16,"textBackgroundColor":"","charSpacing":0,"styles":{},"direction":"ltr","path":null,"pathStartOffset":0,"pathSide":"left","pathAlign":"baseline"},{"type":"line","version":"5.1.0","originX":"left","originY":"top","left":79.5,"top":-143.39,"width":2.5,"height":4.33,"fill":"rgb(0,0,0)","stroke":"#000000","strokeWidth":1,"strokeDashArray":null,"strokeLineCap":"butt","strokeDashOffset":0,"strokeLineJoin":"miter","strokeUniform":false,"strokeMiterLimit":4,"scaleX":1,"scaleY":1,"angle":0,"flipX":false,"flipY":false,"opacity":0.2,"shadow":null,"visible":true,"backgroundColor":"","fillRule":"nonzero","paintFirst":"fill","globalCompositeOperation":"source-over","skewX":0,"skewY":0,"x1":-1.25,"x2":1.25,"y1":2.165063509461106,"y2":-2.165063509461106},{"type":"text","version":"5.1.0","originX":"center","originY":"center","left":87,"top":-152.05,"width":16.85,"height":11.3,"fill":"black","stroke":null,"strokeWidth":1,"strokeDashArray":null,"strokeLineCap":"butt","strokeDashOffset":0,"strokeLineJoin":"miter","strokeUniform":false,"strokeMiterLimit":4,"scaleX":1,"scaleY":1,"angle":0,"flipX":false,"flipY":false,"opacity":0.2,"shadow":null,"visible":true,"backgroundColor":"","fillRule":"nonzero","paintFirst":"fill","globalCompositeOperation":"source-over","skewX":0,"skewY":0,"fontFamily":"Roboto","fontWeight":"normal","fontSize":10,"text":"300","underline":false,"overline":false,"linethrough":false,"textAlign":"left","fontStyle":"normal","lineHeight":1.16,"textBackgroundColor":"","charSpacing":0,"styles":{},"direction":"ltr","path":null,"pathStartOffset":0,"pathSide":"left","pathAlign":"baseline"},{"type":"line","version":"5.1.0","originX":"left","originY":"top","left":-0.5,"top":-120.71,"width":120.21,"height":120.21,"fill":"rgb(0,0,0)","stroke":"#000000","strokeWidth":1,"strokeDashArray":null,"strokeLineCap":"butt","strokeDashOffset":0,"strokeLineJoin":"miter","strokeUniform":false,"strokeMiterLimit":4,"scaleX":1,"scaleY":1,"angle":0,"flipX":false,"flipY":false,"opacity":0.2,"shadow":null,"visible":true,"backgroundColor":"","fillRule":"nonzero","paintFirst":"fill","globalCompositeOperation":"source-over","skewX":0,"skewY":0,"x1":-60.10407640085653,"x2":60.10407640085653,"y1":60.104076400856556,"y2":-60.104076400856556},{"type":"text","version":"5.1.0","originX":"center","originY":"center","left":126.78,"top":-127.78,"width":16.85,"height":11.3,"fill":"black","stroke":null,"strokeWidth":1,"strokeDashArray":null,"strokeLineCap":"butt","strokeDashOffset":0,"strokeLineJoin":"miter","strokeUniform":false,"strokeMiterLimit":4,"scaleX":1,"scaleY":1,"angle":0,"flipX":false,"flipY":false,"opacity":0.2,"shadow":null,"visible":true,"backgroundColor":"","fillRule":"nonzero","paintFirst":"fill","globalCompositeOperation":"source-over","skewX":0,"skewY":0,"fontFamily":"Roboto","fontWeight":"normal","fontSize":10,"text":"315","underline":false,"overline":false,"linethrough":false,"textAlign":"left","fontStyle":"normal","lineHeight":1.16,"textBackgroundColor":"","charSpacing":0,"styles":{},"direction":"ltr","path":null,"pathStartOffset":0,"pathSide":"left","pathAlign":"baseline"},{"type":"line","version":"5.1.0","originX":"left","originY":"top","left":138.06,"top":-83,"width":4.33,"height":2.5,"fill":"rgb(0,0,0)","stroke":"#000000","strokeWidth":1,"strokeDashArray":null,"strokeLineCap":"butt","strokeDashOffset":0,"strokeLineJoin":"miter","strokeUniform":false,"strokeMiterLimit":4,"scaleX":1,"scaleY":1,"angle":0,"flipX":false,"flipY":false,"opacity":0.2,"shadow":null,"visible":true,"backgroundColor":"","fillRule":"nonzero","paintFirst":"fill","globalCompositeOperation":"source-over","skewX":0,"skewY":0,"x1":-2.165063509461092,"x2":2.165063509461092,"y1":1.25,"y2":-1.25},{"type":"text","version":"5.1.0","originX":"center","originY":"center","left":151.05,"top":-88,"width":16.85,"height":11.3,"fill":"black","stroke":null,"strokeWidth":1,"strokeDashArray":null,"strokeLineCap":"butt","strokeDashOffset":0,"strokeLineJoin":"miter","strokeUniform":false,"strokeMiterLimit":4,"scaleX":1,"scaleY":1,"angle":0,"flipX":false,"flipY":false,"opacity":0.2,"shadow":null,"visible":true,"backgroundColor":"","fillRule":"nonzero","paintFirst":"fill","globalCompositeOperation":"source-over","skewX":0,"skewY":0,"fontFamily":"Roboto","fontWeight":"normal","fontSize":10,"text":"330","underline":false,"overline":false,"linethrough":false,"textAlign":"left","fontStyle":"normal","lineHeight":1.16,"textBackgroundColor":"","charSpacing":0,"styles":{},"direction":"ltr","path":null,"pathStartOffset":0,"pathSide":"left","pathAlign":"baseline"},{"type":"line","version":"5.1.0","originX":"left","originY":"top","left":154.05,"top":-43.21,"width":4.83,"height":1.29,"fill":"rgb(0,0,0)","stroke":"#000000","strokeWidth":1,"strokeDashArray":null,"strokeLineCap":"butt","strokeDashOffset":0,"strokeLineJoin":"miter","strokeUniform":false,"strokeMiterLimit":4,"scaleX":1,"scaleY":1,"angle":0,"flipX":false,"flipY":false,"opacity":0.2,"shadow":null,"visible":true,"backgroundColor":"","fillRule":"nonzero","paintFirst":"fill","globalCompositeOperation":"source-over","skewX":0,"skewY":0,"x1":-2.414814565722679,"x2":2.414814565722679,"y1":0.6470476127562996,"y2":-0.6470476127562996},{"type":"text","version":"5.1.0","originX":"center","originY":"center","left":168.54,"top":-45.79,"width":16.85,"height":11.3,"fill":"black","stroke":null,"strokeWidth":1,"strokeDashArray":null,"strokeLineCap":"butt","strokeDashOffset":0,"strokeLineJoin":"miter","strokeUniform":false,"strokeMiterLimit":4,"scaleX":1,"scaleY":1,"angle":0,"flipX":false,"flipY":false,"opacity":0.2,"shadow":null,"visible":true,"backgroundColor":"","fillRule":"nonzero","paintFirst":"fill","globalCompositeOperation":"source-over","skewX":0,"skewY":0,"fontFamily":"Roboto","fontWeight":"normal","fontSize":10,"text":"345","underline":false,"overline":false,"linethrough":false,"textAlign":"left","fontStyle":"normal","lineHeight":1.16,"textBackgroundColor":"","charSpacing":0,"styles":{},"direction":"ltr","path":null,"pathStartOffset":0,"pathSide":"left","pathAlign":"baseline"}],"objectType":"circularmask","corFundo":"#616161","larguraTela":540,"alturaTela":380,"linhasExternas":true,"raio":160}],"background":"#aaaaaa"}],"abas":["1992f936c93-49d066458-602b632baf7f8599-00ee"],"cores":{"cores":[{"hex":"transparent","front":"no_color","editavel":false,"uid":"e17qk1pg"},{"hex":"#000000","front":"black","editavel":false,"uid":"cs3ywpke"},{"hex":"#ffffff","front":"white","editavel":false,"uid":"evnd1ba8"},{"hex":"#ff0000","front":"color 01","editavel":true,"uid":"fstfic84"},{"hex":"#ff3000","front":"color 02","editavel":true,"uid":"9yedygvi"},{"hex":"#ff6000","front":"color 03","editavel":true,"uid":"s3b41p3q"},{"hex":"#ff8f00","front":"color 04","editavel":true,"uid":"6vgonvqr"},{"hex":"#ffbf00","front":"color 05","editavel":true,"uid":"mwnbvmit"},{"hex":"#ffef00","front":"color 06","editavel":true,"uid":"qyyqx8ho"},{"hex":"#dfff00","front":"color 07","editavel":true,"uid":"gmnc581i"},{"hex":"#afff00","front":"color 08","editavel":true,"uid":"hl78b45h"},{"hex":"#80ff00","front":"color 09","editavel":true,"uid":"r5tuh8dt"},{"hex":"#50ff00","front":"color 10","editavel":true,"uid":"dgef1fji"},{"hex":"#20ff00","front":"color 11","editavel":true,"uid":"lxaic1o3"},{"hex":"#00ff10","front":"color 12","editavel":true,"uid":"c61pmd25"},{"hex":"#00ff40","front":"color 13","editavel":true,"uid":"240b97pe"},{"hex":"#00ff70","front":"color 14","editavel":true,"uid":"lmobd1fu"},{"hex":"#00ff9f","front":"color 15","editavel":true,"uid":"zlx7i8t4"},{"hex":"#00ffcf","front":"color 16","editavel":true,"uid":"mnpf3fj9"},{"hex":"#00ffff","front":"color 17","editavel":true,"uid":"txjedjao"},{"hex":"#00cfff","front":"color 18","editavel":true,"uid":"briywt0v"},{"hex":"#009fff","front":"color 19","editavel":true,"uid":"4c8ywwer"},{"hex":"#0070ff","front":"color 20","editavel":true,"uid":"0n265yrk"},{"hex":"#0040ff","front":"color 21","editavel":true,"uid":"v46fyb0z"},{"hex":"#0010ff","front":"color 22","editavel":true,"uid":"f0pxbqbo"},{"hex":"#2000ff","front":"color 23","editavel":true,"uid":"cohzv4f7"},{"hex":"#5000ff","front":"color 24","editavel":true,"uid":"woulsymq"},{"hex":"#8000ff","front":"color 25","editavel":true,"uid":"2bhornrg"},{"hex":"#af00ff","front":"color 26","editavel":true,"uid":"0rbi4qqv"},{"hex":"#df00ff","front":"color 27","editavel":true,"uid":"82uokxz0"},{"hex":"#ff00ef","front":"color 28","editavel":true,"uid":"3i80qd2w"},{"hex":"#ff00bf","front":"color 29","editavel":true,"uid":"leeth70q"},{"hex":"#ff008f","front":"color 30","editavel":true,"uid":"2bkjgxd3"},{"hex":"#ff0060","front":"color 31","editavel":true,"uid":"mz9nobqa"},{"hex":"#ff0030","front":"color 32","editavel":true,"uid":"327bf0hr"},{"hex":"#111111","front":"grey 1","editavel":true,"uid":"prdu6o50"},{"hex":"#222222","front":"grey 2","editavel":true,"uid":"qlov3wkx"},{"hex":"#333333","front":"grey 3","editavel":true,"uid":"g09987og"},{"hex":"#444444","front":"grey 4","editavel":true,"uid":"q860lwko"},{"hex":"#555555","front":"grey 5","editavel":true,"uid":"wy00mwt8"},{"hex":"#666666","front":"grey 6","editavel":true,"uid":"undscq2a"},{"hex":"#777777","front":"grey 7","editavel":true,"uid":"w0eu9y1t"},{"hex":"#888888","front":"grey 8","editavel":true,"uid":"ty7zgc8e"},{"hex":"#999999","front":"grey 9","editavel":true,"uid":"el8501el"},{"hex":"#aaaaaa","front":"grey 10","editavel":true,"uid":"vzphqwc0"},{"hex":"#bbbbbb","front":"grey 11","editavel":true,"uid":"gkoedagl"},{"hex":"#cccccc","front":"grey 12","editavel":true,"uid":"htr41t8a"},{"hex":"#dddddd","front":"grey 13","editavel":true,"uid":"gqamouu8"},{"hex":"#eeeeee","front":"grey 14","editavel":true,"uid":"607ogzw9"}]},"plugins":[],"version":"DEV","createdAt":"2025-09-09T18:26:46.642Z"}