{"name":"Gauge","config":{"width":480,"height":320,"touchId":2,"displayId":1,"isIPS":false,"isBGR":false,"useSharedSPI":false,"invertedColors":false,"mirrorTouchX":false,"mirrorTouchY":false,"swapTouchXY":false,"useWatchdog":false,"watchdogTimeout":3},"telas":[{"version":"5.1.0","objects":[{"type":"regua","version":"5.1.0","originX":"left","originY":"top","left":0,"top":0,"width":480,"height":320,"fill":"rgb(0,0,0)","stroke":null,"strokeWidth":1,"strokeDashArray":null,"strokeLineCap":"butt","strokeDashOffset":0,"strokeLineJoin":"miter","strokeUniform":false,"strokeMiterLimit":4,"scaleX":1,"scaleY":1,"angle":0,"flipX":false,"flipY":false,"opacity":0.5,"shadow":null,"visible":false,"backgroundColor":"","fillRule":"nonzero","paintFirst":"fill","globalCompositeOperation":"source-over","skewX":0,"skewY":0,"objectType":"regua","distancia":5,"lineColor":"#000000","id":"19929ca72b6-9b508c-5cb1b1576a601ee6-0006"},{"type":"linhagrade","version":"5.1.0","originX":"left","originY":"top","left":0,"top":0,"width":480,"height":320,"fill":"rgb(0,0,0)","stroke":null,"strokeWidth":1,"strokeDashArray":null,"strokeLineCap":"butt","strokeDashOffset":0,"strokeLineJoin":"miter","strokeUniform":false,"strokeMiterLimit":4,"scaleX":1,"scaleY":1,"angle":0,"flipX":false,"flipY":false,"opacity":0.5,"shadow":null,"visible":false,"backgroundColor":"","fillRule":"nonzero","paintFirst":"fill","globalCompositeOperation":"source-over","skewX":0,"skewY":0,"objectType":"linhagrade","distancia":5,"lineColor":"#000000","id":"19929ca72b6-9b4fc4-d12963e8ce611eb7-0005"},{"type":"ponteiroAnalog","version":"5.1.0","originX":"center","originY":"bottom","left":235,"top":205,"width":220,"height":90,"fill":"rgb(0,0,0)","stroke":null,"strokeWidth":0,"strokeDashArray":null,"strokeLineCap":"butt","strokeDashOffset":0,"strokeLineJoin":"miter","strokeUniform":false,"strokeMiterLimit":4,"scaleX":1,"scaleY":1,"angle":0,"flipX":false,"flipY":false,"opacity":1,"shadow":null,"visible":true,"backgroundColor":"","fillRule":"nonzero","paintFirst":"fill","globalCompositeOperation":"source-over","skewX":0,"skewY":0,"objects":[{"type":"rect","version":"5.1.0","originX":"center","originY":"bottom","left":0,"top":45,"width":216,"height":86,"fill":"#ffffff","stroke":"#ff0000","strokeWidth":4,"strokeDashArray":null,"strokeLineCap":"butt","strokeDashOffset":0,"strokeLineJoin":"miter","strokeUniform":false,"strokeMiterLimit":4,"scaleX":1,"scaleY":1,"angle":0,"flipX":false,"flipY":false,"opacity":1,"shadow":null,"visible":true,"backgroundColor":"","fillRule":"nonzero","paintFirst":"fill","globalCompositeOperation":"source-over","skewX":0,"skewY":0,"rx":0,"ry":0},{"type":"line","version":"5.1.0","originX":"center","originY":"bottom","left":0,"top":37,"width":0,"height":26.2,"fill":"rgb(0,0,0)","stroke":"#ff0000","strokeWidth":2,"strokeDashArray":null,"strokeLineCap":"butt","strokeDashOffset":0,"strokeLineJoin":"miter","strokeUniform":false,"strokeMiterLimit":4,"scaleX":1,"scaleY":1,"angle":0,"flipX":false,"flipY":false,"opacity":1,"shadow":null,"visible":true,"backgroundColor":"","fillRule":"nonzero","paintFirst":"fill","globalCompositeOperation":"source-over","skewX":0,"skewY":0,"x1":2.1242374982701042e-7,"x2":-2.1242374982701042e-7,"y1":13.101092186086504,"y2":-13.101092186086504},{"type":"text","version":"5.1.0","originX":"center","originY":"bottom","left":0,"top":35,"width":29.08,"height":16.95,"fill":"#000000","stroke":null,"strokeWidth":1,"strokeDashArray":null,"strokeLineCap":"butt","strokeDashOffset":0,"strokeLineJoin":"miter","strokeUniform":false,"strokeMiterLimit":4,"scaleX":1,"scaleY":1,"angle":0,"flipX":false,"flipY":false,"opacity":1,"shadow":null,"visible":true,"backgroundColor":"","fillRule":"nonzero","paintFirst":"fill","globalCompositeOperation":"source-over","skewX":0,"skewY":0,"fontFamily":"Roboto","fontWeight":"normal","fontSize":15,"text":"Title","underline":false,"overline":false,"linethrough":false,"textAlign":"center","fontStyle":"normal","lineHeight":1.16,"textBackgroundColor":"","charSpacing":0,"styles":{},"direction":"ltr","path":null,"pathStartOffset":0,"pathSide":"left","pathAlign":"baseline"},{"type":"polyline","version":"5.1.0","originX":"center","originY":"top","left":0,"top":-9.2,"width":122,"height":22.2,"fill":"transparent","stroke":"transparent","strokeWidth":16,"strokeDashArray":null,"strokeLineCap":"butt","strokeDashOffset":0,"strokeLineJoin":"miter","strokeUniform":false,"strokeMiterLimit":4,"scaleX":1,"scaleY":1,"angle":0,"flipX":false,"flipY":false,"opacity":1,"shadow":null,"visible":true,"backgroundColor":"","fillRule":"nonzero","paintFirst":"fill","globalCompositeOperation":"source-over","skewX":0,"skewY":0,"points":[{"x":158.99999960854933,"y":132.3030310624447},{"x":164.21967674249913,"y":128.22497230379156},{"x":169.71111000372014,"y":124.52095376182115},{"x":175.44754568142176,"y":121.20902104250203},{"x":181.40103643767063,"y":118.30530954909155},{"x":187.5425774640114,"y":115.82396587207319},{"x":193.8422477899775,"y":113.77707886839003},{"x":200.26935605505165,"y":112.17462076574887},{"x":206.79259003388862,"y":111.0243985789294},{"x":213.38016918632934,"y":110.33201607479303},{"x":219.99999948899745,"y":110.10084647129423},{"x":226.61982979415512,"y":110.33201600350156},{"x":233.2074089540523,"y":111.02439843669376},{"x":239.73064294527651,"y":112.17462055326206},{"x":246.15775122760814,"y":113.77707858668725},{"x":252.45742157561796,"y":115.82396552252686},{"x":258.59896262868125,"y":118.30530913340462},{"x":264.55245341620133,"y":121.2090205626997},{"x":270.2888891295704,"y":124.52095322024095},{"x":275.7803224306814,"y":128.22497170307201},{"x":280.9999996085494,"y":132.30303040551246}]},{"type":"polyline","version":"5.1.0","originX":"center","originY":"top","left":0,"top":-9.2,"width":122,"height":22.2,"fill":"transparent","stroke":"#ffffff","strokeWidth":15,"strokeDashArray":null,"strokeLineCap":"butt","strokeDashOffset":0,"strokeLineJoin":"miter","strokeUniform":false,"strokeMiterLimit":4,"scaleX":1,"scaleY":1,"angle":0,"flipX":false,"flipY":false,"opacity":1,"shadow":null,"visible":true,"backgroundColor":"","fillRule":"nonzero","paintFirst":"fill","globalCompositeOperation":"source-over","skewX":0,"skewY":0,"points":[{"x":158.99999960854933,"y":132.3030310624447},{"x":160.27802725125503,"y":131.24950636461455},{"x":161.57424678535818,"y":130.2184467815315},{"x":162.88826336983283,"y":129.2101663839319},{"x":164.21967674249913,"y":128.22497230379156},{"x":165.5680813419469,"y":127.26316464077046},{"x":166.93306643107385,"y":126.32503637079932},{"x":168.31421622219992,"y":125.41087325683637},{"x":169.71111000372014,"y":124.52095376182115},{"x":171.1233222682576,"y":123.65554896385207},{"x":172.5504228422772,"y":122.8149224736134},{"x":173.99197701712032,"y":121.99933035407676},{"x":175.44754568142176,"y":121.20902104250203},{"x":176.91668545486692,"y":120.44423527476087},{"x":178.39894882325,"y":119.70520601200624},{"x":179.893884274791,"y":118.99215836971021},{"x":181.40103643767063,"y":118.30530954909155},{"x":182.91994621874102,"y":117.64486877095422},{"x":184.45015094336992,"y":117.01103721195659},{"x":185.99118449637595,"y":116.40400794333115},{"x":187.5425774640114,"y":115.82396587207319},{"x":189.10385727695083,"y":115.27108768461615},{"x":190.67454835423985,"y":114.7455417930114},{"x":192.2541722481618,"y":114.24748828362824},{"x":193.8422477899775,"y":113.77707886839003},{"x":195.438291236494,"y":113.3344568385613},{"x":197.04181641741738,"y":112.91975702109978},{"x":198.65233488344495,"y":112.5331057375869},{"x":200.26935605505165,"y":112.17462076574887},{"x":201.89238737192528,"y":111.84441130358063},{"x":203.5209344430052,"y":111.54257793608292},{"x":205.1545011970786,"y":111.26921260462319},{"x":206.79259003388862,"y":111.0243985789294},{"x":208.43470197570815,"y":110.8082104317251},{"x":210.0803368193335,"y":110.62071401601409},{"x":211.7289932884506,"y":110.46196644502079},{"x":213.38016918632934,"y":110.33201607479303},{"x":215.03336154879705,"y":110.23090248947234},{"x":216.68806679744645,"y":110.15865648923624},{"x":218.34378089303047,"y":110.11530008091621},{"x":219.99999948899745,"y":110.10084647129423},{"x":221.65621808512012,"y":110.11530006307977},{"x":223.31193218117104,"y":110.15865645356877},{"x":224.96663743059847,"y":110.23090243598473},{"x":226.61982979415512,"y":110.33201600350156},{"x":228.27100569343335,"y":110.46196635594718},{"x":229.91966216426007,"y":110.62071390918548},{"x":231.56529700990455,"y":110.80821030717401},{"x":233.2074089540523,"y":111.02439843669376},{"x":234.8454977934989,"y":111.26921244474637},{"x":236.47906455051628,"y":111.54257775861359},{"x":238.10761162484675,"y":111.84441110857286},{"x":239.73064294527651,"y":112.17462055326206},{"x":241.34766412074387,"y":112.53310550768578},{"x":242.95818259093545,"y":112.91975677385437},{"x":244.56170777632488,"y":113.33445657404692},{"x":246.15775122760814,"y":113.77707858668725},{"x":247.74582677448987,"y":114.24748798482287},{"x":249.32545067377555,"y":114.74554147719446},{"x":250.89614175672438,"y":115.27108735188384},{"x":252.45742157561796,"y":115.82396552252686},{"x":254.0088145495001,"y":116.4040075770773},{"x":255.54984810904335,"y":117.01103682910671},{"x":257.08005284049824,"y":117.64486837162498},{"x":258.59896262868125,"y":118.30530913340462},{"x":260.10611479895783,"y":118.99215793779219},{"x":261.6010502581779,"y":119.7052055639887},{"x":263.08331363451987,"y":120.44423481078027},{"x":264.55245341620133,"y":121.2090205626997},{"x":266.0080220890139,"y":121.99932985859886},{"x":267.44957627264046,"y":122.81492196261085},{"x":268.8766768557131,"y":123.65554843748055},{"x":270.2888891295704,"y":124.52095322024095},{"x":271.6857829206745,"y":125.4108727002125},{"x":273.0669327216455,"y":126.32503579930133},{"x":274.4319178208755,"y":127.26316405457243},{"x":275.7803224306814,"y":128.22497170307201},{"x":277.1117358139576,"y":129.21016576887382},{"x":278.42575240929074,"y":130.21844615232226},{"x":279.72197195449786,"y":131.2495057214459},{"x":280.9999996085494,"y":132.30303040551246}]},{"type":"text","version":"5.1.0","originX":"center","originY":"bottom","left":-71.28,"top":8.74,"width":8.42,"height":16.95,"fill":"#000000","stroke":null,"strokeWidth":1,"strokeDashArray":null,"strokeLineCap":"butt","strokeDashOffset":0,"strokeLineJoin":"miter","strokeUniform":false,"strokeMiterLimit":4,"scaleX":1,"scaleY":1,"angle":0,"flipX":false,"flipY":false,"opacity":1,"shadow":null,"visible":true,"backgroundColor":"","fillRule":"nonzero","paintFirst":"fill","globalCompositeOperation":"source-over","skewX":0,"skewY":0,"fontFamily":"Roboto","fontWeight":"normal","fontSize":15,"text":"0","underline":false,"overline":false,"linethrough":false,"textAlign":"center","fontStyle":"normal","lineHeight":1.16,"textBackgroundColor":"","charSpacing":0,"styles":{},"direction":"ltr","path":null,"pathStartOffset":0,"pathSide":"left","pathAlign":"baseline"},{"type":"text","version":"5.1.0","originX":"center","originY":"bottom","left":71.28,"top":8.74,"width":25.27,"height":16.95,"fill":"#000000","stroke":null,"strokeWidth":1,"strokeDashArray":null,"strokeLineCap":"butt","strokeDashOffset":0,"strokeLineJoin":"miter","strokeUniform":false,"strokeMiterLimit":4,"scaleX":1,"scaleY":1,"angle":0,"flipX":false,"flipY":false,"opacity":1,"shadow":null,"visible":true,"backgroundColor":"","fillRule":"nonzero","paintFirst":"fill","globalCompositeOperation":"source-over","skewX":0,"skewY":0,"fontFamily":"Roboto","fontWeight":"normal","fontSize":15,"text":"100","underline":false,"overline":false,"linethrough":false,"textAlign":"center","fontStyle":"normal","lineHeight":1.16,"textBackgroundColor":"","charSpacing":0,"styles":{},"direction":"ltr","path":null,"pathStartOffset":0,"pathSide":"left","pathAlign":"baseline"},{"type":"polyline","version":"5.1.0","originX":"center","originY":"top","left":0,"top":-9.2,"width":132.28,"height":36.33,"fill":"transparent","stroke":"#000000","strokeWidth":1,"strokeDashArray":null,"strokeLineCap":"butt","strokeDashOffset":0,"strokeLineJoin":"miter","strokeUniform":false,"strokeMiterLimit":4,"scaleX":1,"scaleY":1,"angle":0,"flipX":false,"flipY":false,"opacity":1,"shadow":null,"visible":true,"backgroundColor":"","fillRule":"nonzero","paintFirst":"fill","globalCompositeOperation":"source-over","skewX":0,"skewY":0,"points":[{"x":164.14230051415214,"y":138.43138658380897},{"x":153.8576987029465,"y":126.17467554108036},{"x":164.14230051415214,"y":138.43138658380897},{"x":168.92195879104264,"y":134.69710823684684},{"x":164.21967674249913,"y":128.22497230379156},{"x":168.92195879104264,"y":134.69710823684684},{"x":173.95046414978788,"y":131.30533851095043},{"x":169.71111000372014,"y":124.52095376182115},{"x":173.95046414978788,"y":131.30533851095043},{"x":179.2033182177997,"y":128.27260176724704},{"x":175.44754568142176,"y":121.20902104250203},{"x":179.2033182177997,"y":128.27260176724704},{"x":184.65492961813223,"y":125.61367319426859},{"x":181.40103643767063,"y":118.30530954909155},{"x":184.65492961813223,"y":125.61367319426859},{"x":190.27873864809789,"y":123.34150682471844},{"x":184.80641627992492,"y":108.30642491942794},{"x":190.27873864809789,"y":123.34150682471844},{"x":196.04734667546842,"y":121.46717242472644},{"x":193.8422477899775,"y":113.77707886839003},{"x":196.04734667546842,"y":121.46717242472644},{"x":201.9326496218572,"y":119.99980156306106},{"x":200.26935605505165,"y":112.17462076574887},{"x":201.9326496218572,"y":119.99980156306106},{"x":207.90597488296348,"y":118.94654312304435},{"x":206.79259003388862,"y":111.0243985789294},{"x":207.90597488296348,"y":118.94654312304435},{"x":213.9382210186183,"y":118.3125284739112},{"x":213.38016918632934,"y":110.33201607479303},{"x":213.9382210186183,"y":118.3125284739112},{"x":219.99999953207498,"y":118.10084647129423},{"x":219.99999944591994,"y":102.10084647129423},{"x":219.99999953207498,"y":118.10084647129423},{"x":226.06177804781134,"y":118.3125284086296},{"x":226.61982979415512,"y":110.33201600350156},{"x":226.06177804781134,"y":118.3125284086296},{"x":232.09402419029402,"y":118.9465429927992},{"x":233.2074089540523,"y":111.02439843669376},{"x":232.09402419029402,"y":118.9465429927992},{"x":238.06734946274335,"y":119.99980136848689},{"x":239.73064294527651,"y":112.17462055326206},{"x":238.06734946274335,"y":119.99980136848689},{"x":243.9526524249348,"y":121.46717216677122},{"x":246.15775122760814,"y":113.77707858668725},{"x":243.9526524249348,"y":121.46717216677122},{"x":249.72126047249074,"y":123.34150650463887},{"x":255.1935826787452,"y":108.30642454041485},{"x":249.72126047249074,"y":123.34150650463887},{"x":255.3450695269262,"y":125.61367281362408},{"x":258.59896262868125,"y":118.30530913340462},{"x":255.3450695269262,"y":125.61367281362408},{"x":260.79668095589375,"y":128.27260132789206},{"x":264.55245341620133,"y":121.2090205626997},{"x":260.79668095589375,"y":128.27260132789206},{"x":266.0495350565663,"y":131.30533801502548},{"x":270.2888891295704,"y":124.52095322024095},{"x":266.0495350565663,"y":131.30533801502548},{"x":271.0780404518388,"y":134.697107686768},{"x":275.7803224306814,"y":128.22497170307201},{"x":271.0780404518388,"y":134.697107686768},{"x":275.8576987689451,"y":138.43138598225616},{"x":286.1423004481536,"y":126.17467482876876},{"x":275.8576987689451,"y":138.43138598225616}]}],"corOn":"#ff0000","corOnId":"7mcj1lsf","label":"Widget","min":0,"max":100,"valor":50,"intervalos":[{"valor":0,"cor":"pqsbxnsh","ativo":true},{"valor":25,"cor":"pqsbxnsh","ativo":false},{"valor":50,"cor":"pqsbxnsh","ativo":false},{"valor":75,"cor":"pqsbxnsh","ativo":false}],"const":0,"gpio":0,"offset":0,"showLabel":true,"titulo":"Title","id":"1992a46bfc5-1e6285193-65498e4eca60b08e-0016","receiveFrom":"none","corOff":"#ffffff","corOffId":"pqsbxnsh","corExtra01":"#000000","corExtra01Id":"m64nbqza","corExtra02":"#000000","corExtra02Id":"m64nbqza"},{"type":"circularmask","version":"5.1.0","originX":"center","originY":"center","left":270,"top":190,"width":543,"height":383,"fill":"rgb(0,0,0)","stroke":null,"strokeWidth":0,"strokeDashArray":null,"strokeLineCap":"butt","strokeDashOffset":0,"strokeLineJoin":"miter","strokeUniform":false,"strokeMiterLimit":4,"scaleX":1,"scaleY":1,"angle":0,"flipX":false,"flipY":false,"opacity":1,"shadow":null,"visible":false,"backgroundColor":"","fillRule":"nonzero","paintFirst":"fill","globalCompositeOperation":"source-over","skewX":0,"skewY":0,"objects":[{"type":"rect","version":"5.1.0","originX":"left","originY":"top","left":-271.5,"top":-191.5,"width":542,"height":382,"fill":"#616161","stroke":null,"strokeWidth":1,"strokeDashArray":null,"strokeLineCap":"butt","strokeDashOffset":0,"strokeLineJoin":"miter","strokeUniform":false,"strokeMiterLimit":4,"scaleX":1,"scaleY":1,"angle":0,"flipX":false,"flipY":false,"opacity":1,"shadow":null,"visible":true,"backgroundColor":"","fillRule":"nonzero","paintFirst":"fill","globalCompositeOperation":"source-over","skewX":0,"skewY":0,"rx":0,"ry":0},{"type":"circle","version":"5.1.0","originX":"left","originY":"top","left":-160.5,"top":-160.5,"width":320,"height":320,"fill":"#ff0000","stroke":null,"strokeWidth":1,"strokeDashArray":null,"strokeLineCap":"butt","strokeDashOffset":0,"strokeLineJoin":"miter","strokeUniform":false,"strokeMiterLimit":4,"scaleX":1,"scaleY":1,"angle":0,"flipX":false,"flipY":false,"opacity":1,"shadow":null,"visible":true,"backgroundColor":"","fillRule":"nonzero","paintFirst":"fill","globalCompositeOperation":"destination-out","skewX":0,"skewY":0,"radius":160,"startAngle":0,"endAngle":360},{"type":"line","version":"5.1.0","originX":"left","originY":"top","left":-0.5,"top":-0.5,"width":170,"height":0,"fill":"rgb(0,0,0)","stroke":"black","strokeWidth":1,"strokeDashArray":null,"strokeLineCap":"butt","strokeDashOffset":0,"strokeLineJoin":"miter","strokeUniform":false,"strokeMiterLimit":4,"scaleX":1,"scaleY":1,"angle":0,"flipX":false,"flipY":false,"opacity":0.2,"shadow":null,"visible":true,"backgroundColor":"","fillRule":"nonzero","paintFirst":"fill","globalCompositeOperation":"source-over","skewX":0,"skewY":0,"x1":-85,"x2":85,"y1":0,"y2":0},{"type":"text","version":"5.1.0","originX":"center","originY":"center","left":179.5,"top":-0.5,"width":5.62,"height":11.3,"fill":"black","stroke":null,"strokeWidth":1,"strokeDashArray":null,"strokeLineCap":"butt","strokeDashOffset":0,"strokeLineJoin":"miter","strokeUniform":false,"strokeMiterLimit":4,"scaleX":1,"scaleY":1,"angle":0,"flipX":false,"flipY":false,"opacity":0.2,"shadow":null,"visible":true,"backgroundColor":"","fillRule":"nonzero","paintFirst":"fill","globalCompositeOperation":"source-over","skewX":0,"skewY":0,"fontFamily":"Roboto","fontWeight":"normal","fontSize":10,"text":"0","underline":false,"overline":false,"linethrough":false,"textAlign":"left","fontStyle":"normal","lineHeight":1.16,"textBackgroundColor":"","charSpacing":0,"styles":{},"direction":"ltr","path":null,"pathStartOffset":0,"pathSide":"left","pathAlign":"baseline"},{"type":"line","version":"5.1.0","originX":"left","originY":"top","left":154.05,"top":40.91,"width":4.83,"height":1.29,"fill":"rgb(0,0,0)","stroke":"black","strokeWidth":1,"strokeDashArray":null,"strokeLineCap":"butt","strokeDashOffset":0,"strokeLineJoin":"miter","strokeUniform":false,"strokeMiterLimit":4,"scaleX":1,"scaleY":1,"angle":0,"flipX":false,"flipY":false,"opacity":0.2,"shadow":null,"visible":true,"backgroundColor":"","fillRule":"nonzero","paintFirst":"fill","globalCompositeOperation":"source-over","skewX":0,"skewY":0,"x1":-2.414814565722679,"x2":2.414814565722679,"y1":-0.6470476127563032,"y2":0.6470476127563032},{"type":"text","version":"5.1.0","originX":"center","originY":"center","left":168.54,"top":44.79,"width":11.23,"height":11.3,"fill":"black","stroke":null,"strokeWidth":1,"strokeDashArray":null,"strokeLineCap":"butt","strokeDashOffset":0,"strokeLineJoin":"miter","strokeUniform":false,"strokeMiterLimit":4,"scaleX":1,"scaleY":1,"angle":0,"flipX":false,"flipY":false,"opacity":0.2,"shadow":null,"visible":true,"backgroundColor":"","fillRule":"nonzero","paintFirst":"fill","globalCompositeOperation":"source-over","skewX":0,"skewY":0,"fontFamily":"Roboto","fontWeight":"normal","fontSize":10,"text":"15","underline":false,"overline":false,"linethrough":false,"textAlign":"left","fontStyle":"normal","lineHeight":1.16,"textBackgroundColor":"","charSpacing":0,"styles":{},"direction":"ltr","path":null,"pathStartOffset":0,"pathSide":"left","pathAlign":"baseline"},{"type":"line","version":"5.1.0","originX":"left","originY":"top","left":138.06,"top":79.5,"width":4.33,"height":2.5,"fill":"rgb(0,0,0)","stroke":"black","strokeWidth":1,"strokeDashArray":null,"strokeLineCap":"butt","strokeDashOffset":0,"strokeLineJoin":"miter","strokeUniform":false,"strokeMiterLimit":4,"scaleX":1,"scaleY":1,"angle":0,"flipX":false,"flipY":false,"opacity":0.2,"shadow":null,"visible":true,"backgroundColor":"","fillRule":"nonzero","paintFirst":"fill","globalCompositeOperation":"source-over","skewX":0,"skewY":0,"x1":-2.165063509461092,"x2":2.165063509461092,"y1":-1.25,"y2":1.25},{"type":"text","version":"5.1.0","originX":"center","originY":"center","left":151.05,"top":87,"width":11.23,"height":11.3,"fill":"black","stroke":null,"strokeWidth":1,"strokeDashArray":null,"strokeLineCap":"butt","strokeDashOffset":0,"strokeLineJoin":"miter","strokeUniform":false,"strokeMiterLimit":4,"scaleX":1,"scaleY":1,"angle":0,"flipX":false,"flipY":false,"opacity":0.2,"shadow":null,"visible":true,"backgroundColor":"","fillRule":"nonzero","paintFirst":"fill","globalCompositeOperation":"source-over","skewX":0,"skewY":0,"fontFamily":"Roboto","fontWeight":"normal","fontSize":10,"text":"30","underline":false,"overline":false,"linethrough":false,"textAlign":"left","fontStyle":"normal","lineHeight":1.16,"textBackgroundColor":"","charSpacing":0,"styles":{},"direction":"ltr","path":null,"pathStartOffset":0,"pathSide":"left","pathAlign":"baseline"},{"type":"line","version":"5.1.0","originX":"left","originY":"top","left":-0.5,"top":-0.5,"width":120.21,"height":120.21,"fill":"rgb(0,0,0)","stroke":"black","strokeWidth":1,"strokeDashArray":null,"strokeLineCap":"butt","strokeDashOffset":0,"strokeLineJoin":"miter","strokeUniform":false,"strokeMiterLimit":4,"scaleX":1,"scaleY":1,"angle":0,"flipX":false,"flipY":false,"opacity":0.2,"shadow":null,"visible":true,"backgroundColor":"","fillRule":"nonzero","paintFirst":"fill","globalCompositeOperation":"source-over","skewX":0,"skewY":0,"x1":-60.10407640085654,"x2":60.10407640085654,"y1":-60.104076400856535,"y2":60.104076400856535},{"type":"text","version":"5.1.0","originX":"center","originY":"center","left":126.78,"top":126.78,"width":11.23,"height":11.3,"fill":"black","stroke":null,"strokeWidth":1,"strokeDashArray":null,"strokeLineCap":"butt","strokeDashOffset":0,"strokeLineJoin":"miter","strokeUniform":false,"strokeMiterLimit":4,"scaleX":1,"scaleY":1,"angle":0,"flipX":false,"flipY":false,"opacity":0.2,"shadow":null,"visible":true,"backgroundColor":"","fillRule":"nonzero","paintFirst":"fill","globalCompositeOperation":"source-over","skewX":0,"skewY":0,"fontFamily":"Roboto","fontWeight":"normal","fontSize":10,"text":"45","underline":false,"overline":false,"linethrough":false,"textAlign":"left","fontStyle":"normal","lineHeight":1.16,"textBackgroundColor":"","charSpacing":0,"styles":{},"direction":"ltr","path":null,"pathStartOffset":0,"pathSide":"left","pathAlign":"baseline"},{"type":"line","version":"5.1.0","originX":"left","originY":"top","left":79.5,"top":138.06,"width":2.5,"height":4.33,"fill":"rgb(0,0,0)","stroke":"black","strokeWidth":1,"strokeDashArray":null,"strokeLineCap":"butt","strokeDashOffset":0,"strokeLineJoin":"miter","strokeUniform":false,"strokeMiterLimit":4,"scaleX":1,"scaleY":1,"angle":0,"flipX":false,"flipY":false,"opacity":0.2,"shadow":null,"visible":true,"backgroundColor":"","fillRule":"nonzero","paintFirst":"fill","globalCompositeOperation":"source-over","skewX":0,"skewY":0,"x1":-1.25,"x2":1.25,"y1":-2.165063509461106,"y2":2.165063509461106},{"type":"text","version":"5.1.0","originX":"center","originY":"center","left":87,"top":151.05,"width":11.23,"height":11.3,"fill":"black","stroke":null,"strokeWidth":1,"strokeDashArray":null,"strokeLineCap":"butt","strokeDashOffset":0,"strokeLineJoin":"miter","strokeUniform":false,"strokeMiterLimit":4,"scaleX":1,"scaleY":1,"angle":0,"flipX":false,"flipY":false,"opacity":0.2,"shadow":null,"visible":true,"backgroundColor":"","fillRule":"nonzero","paintFirst":"fill","globalCompositeOperation":"source-over","skewX":0,"skewY":0,"fontFamily":"Roboto","fontWeight":"normal","fontSize":10,"text":"60","underline":false,"overline":false,"linethrough":false,"textAlign":"left","fontStyle":"normal","lineHeight":1.16,"textBackgroundColor":"","charSpacing":0,"styles":{},"direction":"ltr","path":null,"pathStartOffset":0,"pathSide":"left","pathAlign":"baseline"},{"type":"line","version":"5.1.0","originX":"left","originY":"top","left":40.91,"top":154.05,"width":1.29,"height":4.83,"fill":"rgb(0,0,0)","stroke":"black","strokeWidth":1,"strokeDashArray":null,"strokeLineCap":"butt","strokeDashOffset":0,"strokeLineJoin":"miter","strokeUniform":false,"strokeMiterLimit":4,"scaleX":1,"scaleY":1,"angle":0,"flipX":false,"flipY":false,"opacity":0.2,"shadow":null,"visible":true,"backgroundColor":"","fillRule":"nonzero","paintFirst":"fill","globalCompositeOperation":"source-over","skewX":0,"skewY":0,"x1":-0.6470476127563032,"x2":0.6470476127563032,"y1":-2.414814565722679,"y2":2.414814565722679},{"type":"text","version":"5.1.0","originX":"center","originY":"center","left":44.79,"top":168.54,"width":11.23,"height":11.3,"fill":"black","stroke":null,"strokeWidth":1,"strokeDashArray":null,"strokeLineCap":"butt","strokeDashOffset":0,"strokeLineJoin":"miter","strokeUniform":false,"strokeMiterLimit":4,"scaleX":1,"scaleY":1,"angle":0,"flipX":false,"flipY":false,"opacity":0.2,"shadow":null,"visible":true,"backgroundColor":"","fillRule":"nonzero","paintFirst":"fill","globalCompositeOperation":"source-over","skewX":0,"skewY":0,"fontFamily":"Roboto","fontWeight":"normal","fontSize":10,"text":"75","underline":false,"overline":false,"linethrough":false,"textAlign":"left","fontStyle":"normal","lineHeight":1.16,"textBackgroundColor":"","charSpacing":0,"styles":{},"direction":"ltr","path":null,"pathStartOffset":0,"pathSide":"left","pathAlign":"baseline"},{"type":"line","version":"5.1.0","originX":"left","originY":"top","left":-0.5,"top":-0.5,"width":0,"height":170,"fill":"rgb(0,0,0)","stroke":"black","strokeWidth":1,"strokeDashArray":null,"strokeLineCap":"butt","strokeDashOffset":0,"strokeLineJoin":"miter","strokeUniform":false,"strokeMiterLimit":4,"scaleX":1,"scaleY":1,"angle":0,"flipX":false,"flipY":false,"opacity":0.2,"shadow":null,"visible":true,"backgroundColor":"","fillRule":"nonzero","paintFirst":"fill","globalCompositeOperation":"source-over","skewX":0,"skewY":0,"x1":-5.204748896376251e-15,"x2":5.204748896376251e-15,"y1":-85,"y2":85},{"type":"text","version":"5.1.0","originX":"center","originY":"center","left":-0.5,"top":179.5,"width":11.23,"height":11.3,"fill":"black","stroke":null,"strokeWidth":1,"strokeDashArray":null,"strokeLineCap":"butt","strokeDashOffset":0,"strokeLineJoin":"miter","strokeUniform":false,"strokeMiterLimit":4,"scaleX":1,"scaleY":1,"angle":0,"flipX":false,"flipY":false,"opacity":0.2,"shadow":null,"visible":true,"backgroundColor":"","fillRule":"nonzero","paintFirst":"fill","globalCompositeOperation":"source-over","skewX":0,"skewY":0,"fontFamily":"Roboto","fontWeight":"normal","fontSize":10,"text":"90","underline":false,"overline":false,"linethrough":false,"textAlign":"left","fontStyle":"normal","lineHeight":1.16,"textBackgroundColor":"","charSpacing":0,"styles":{},"direction":"ltr","path":null,"pathStartOffset":0,"pathSide":"left","pathAlign":"baseline"},{"type":"line","version":"5.1.0","originX":"left","originY":"top","left":-43.21,"top":154.05,"width":1.29,"height":4.83,"fill":"rgb(0,0,0)","stroke":"black","strokeWidth":1,"strokeDashArray":null,"strokeLineCap":"butt","strokeDashOffset":0,"strokeLineJoin":"miter","strokeUniform":false,"strokeMiterLimit":4,"scaleX":1,"scaleY":1,"angle":0,"flipX":false,"flipY":false,"opacity":0.2,"shadow":null,"visible":true,"backgroundColor":"","fillRule":"nonzero","paintFirst":"fill","globalCompositeOperation":"source-over","skewX":0,"skewY":0,"x1":0.6470476127563032,"x2":-0.6470476127563032,"y1":-2.414814565722679,"y2":2.414814565722679},{"type":"text","version":"5.1.0","originX":"center","originY":"center","left":-45.79,"top":168.54,"width":16.85,"height":11.3,"fill":"black","stroke":null,"strokeWidth":1,"strokeDashArray":null,"strokeLineCap":"butt","strokeDashOffset":0,"strokeLineJoin":"miter","strokeUniform":false,"strokeMiterLimit":4,"scaleX":1,"scaleY":1,"angle":0,"flipX":false,"flipY":false,"opacity":0.2,"shadow":null,"visible":true,"backgroundColor":"","fillRule":"nonzero","paintFirst":"fill","globalCompositeOperation":"source-over","skewX":0,"skewY":0,"fontFamily":"Roboto","fontWeight":"normal","fontSize":10,"text":"105","underline":false,"overline":false,"linethrough":false,"textAlign":"left","fontStyle":"normal","lineHeight":1.16,"textBackgroundColor":"","charSpacing":0,"styles":{},"direction":"ltr","path":null,"pathStartOffset":0,"pathSide":"left","pathAlign":"baseline"},{"type":"line","version":"5.1.0","originX":"left","originY":"top","left":-83,"top":138.06,"width":2.5,"height":4.33,"fill":"rgb(0,0,0)","stroke":"black","strokeWidth":1,"strokeDashArray":null,"strokeLineCap":"butt","strokeDashOffset":0,"strokeLineJoin":"miter","strokeUniform":false,"strokeMiterLimit":4,"scaleX":1,"scaleY":1,"angle":0,"flipX":false,"flipY":false,"opacity":0.2,"shadow":null,"visible":true,"backgroundColor":"","fillRule":"nonzero","paintFirst":"fill","globalCompositeOperation":"source-over","skewX":0,"skewY":0,"x1":1.249999999999993,"x2":-1.249999999999993,"y1":-2.165063509461092,"y2":2.165063509461092},{"type":"text","version":"5.1.0","originX":"center","originY":"center","left":-88,"top":151.05,"width":16.85,"height":11.3,"fill":"black","stroke":null,"strokeWidth":1,"strokeDashArray":null,"strokeLineCap":"butt","strokeDashOffset":0,"strokeLineJoin":"miter","strokeUniform":false,"strokeMiterLimit":4,"scaleX":1,"scaleY":1,"angle":0,"flipX":false,"flipY":false,"opacity":0.2,"shadow":null,"visible":true,"backgroundColor":"","fillRule":"nonzero","paintFirst":"fill","globalCompositeOperation":"source-over","skewX":0,"skewY":0,"fontFamily":"Roboto","fontWeight":"normal","fontSize":10,"text":"120","underline":false,"overline":false,"linethrough":false,"textAlign":"left","fontStyle":"normal","lineHeight":1.16,"textBackgroundColor":"","charSpacing":0,"styles":{},"direction":"ltr","path":null,"pathStartOffset":0,"pathSide":"left","pathAlign":"baseline"},{"type":"line","version":"5.1.0","originX":"left","originY":"top","left":-120.71,"top":-0.5,"width":120.21,"height":120.21,"fill":"rgb(0,0,0)","stroke":"black","strokeWidth":1,"strokeDashArray":null,"strokeLineCap":"butt","strokeDashOffset":0,"strokeLineJoin":"miter","strokeUniform":false,"strokeMiterLimit":4,"scaleX":1,"scaleY":1,"angle":0,"flipX":false,"flipY":false,"opacity":0.2,"shadow":null,"visible":true,"backgroundColor":"","fillRule":"nonzero","paintFirst":"fill","globalCompositeOperation":"source-over","skewX":0,"skewY":0,"x1":60.104076400856535,"x2":-60.104076400856535,"y1":-60.10407640085654,"y2":60.10407640085654},{"type":"text","version":"5.1.0","originX":"center","originY":"center","left":-127.78,"top":126.78,"width":16.85,"height":11.3,"fill":"black","stroke":null,"strokeWidth":1,"strokeDashArray":null,"strokeLineCap":"butt","strokeDashOffset":0,"strokeLineJoin":"miter","strokeUniform":false,"strokeMiterLimit":4,"scaleX":1,"scaleY":1,"angle":0,"flipX":false,"flipY":false,"opacity":0.2,"shadow":null,"visible":true,"backgroundColor":"","fillRule":"nonzero","paintFirst":"fill","globalCompositeOperation":"source-over","skewX":0,"skewY":0,"fontFamily":"Roboto","fontWeight":"normal","fontSize":10,"text":"135","underline":false,"overline":false,"linethrough":false,"textAlign":"left","fontStyle":"normal","lineHeight":1.16,"textBackgroundColor":"","charSpacing":0,"styles":{},"direction":"ltr","path":null,"pathStartOffset":0,"pathSide":"left","pathAlign":"baseline"},{"type":"line","version":"5.1.0","originX":"left","originY":"top","left":-143.39,"top":79.5,"width":4.33,"height":2.5,"fill":"rgb(0,0,0)","stroke":"black","strokeWidth":1,"strokeDashArray":null,"strokeLineCap":"butt","strokeDashOffset":0,"strokeLineJoin":"miter","strokeUniform":false,"strokeMiterLimit":4,"scaleX":1,"scaleY":1,"angle":0,"flipX":false,"flipY":false,"opacity":0.2,"shadow":null,"visible":true,"backgroundColor":"","fillRule":"nonzero","paintFirst":"fill","globalCompositeOperation":"source-over","skewX":0,"skewY":0,"x1":2.165063509461092,"x2":-2.165063509461092,"y1":-1.25,"y2":1.25},{"type":"text","version":"5.1.0","originX":"center","originY":"center","left":-152.05,"top":87,"width":16.85,"height":11.3,"fill":"black","stroke":null,"strokeWidth":1,"strokeDashArray":null,"strokeLineCap":"butt","strokeDashOffset":0,"strokeLineJoin":"miter","strokeUniform":false,"strokeMiterLimit":4,"scaleX":1,"scaleY":1,"angle":0,"flipX":false,"flipY":false,"opacity":0.2,"shadow":null,"visible":true,"backgroundColor":"","fillRule":"nonzero","paintFirst":"fill","globalCompositeOperation":"source-over","skewX":0,"skewY":0,"fontFamily":"Roboto","fontWeight":"normal","fontSize":10,"text":"150","underline":false,"overline":false,"linethrough":false,"textAlign":"left","fontStyle":"normal","lineHeight":1.16,"textBackgroundColor":"","charSpacing":0,"styles":{},"direction":"ltr","path":null,"pathStartOffset":0,"pathSide":"left","pathAlign":"baseline"},{"type":"line","version":"5.1.0","originX":"left","originY":"top","left":-159.88,"top":40.91,"width":4.83,"height":1.29,"fill":"rgb(0,0,0)","stroke":"black","strokeWidth":1,"strokeDashArray":null,"strokeLineCap":"butt","strokeDashOffset":0,"strokeLineJoin":"miter","strokeUniform":false,"strokeMiterLimit":4,"scaleX":1,"scaleY":1,"angle":0,"flipX":false,"flipY":false,"opacity":0.2,"shadow":null,"visible":true,"backgroundColor":"","fillRule":"nonzero","paintFirst":"fill","globalCompositeOperation":"source-over","skewX":0,"skewY":0,"x1":2.414814565722679,"x2":-2.414814565722679,"y1":-0.6470476127563032,"y2":0.6470476127563032},{"type":"text","version":"5.1.0","originX":"center","originY":"center","left":-169.54,"top":44.79,"width":16.85,"height":11.3,"fill":"black","stroke":null,"strokeWidth":1,"strokeDashArray":null,"strokeLineCap":"butt","strokeDashOffset":0,"strokeLineJoin":"miter","strokeUniform":false,"strokeMiterLimit":4,"scaleX":1,"scaleY":1,"angle":0,"flipX":false,"flipY":false,"opacity":0.2,"shadow":null,"visible":true,"backgroundColor":"","fillRule":"nonzero","paintFirst":"fill","globalCompositeOperation":"source-over","skewX":0,"skewY":0,"fontFamily":"Roboto","fontWeight":"normal","fontSize":10,"text":"165","underline":false,"overline":false,"linethrough":false,"textAlign":"left","fontStyle":"normal","lineHeight":1.16,"textBackgroundColor":"","charSpacing":0,"styles":{},"direction":"ltr","path":null,"pathStartOffset":0,"pathSide":"left","pathAlign":"baseline"},{"type":"line","version":"5.1.0","originX":"left","originY":"top","left":-170.5,"top":-0.5,"width":170,"height":0,"fill":"rgb(0,0,0)","stroke":"black","strokeWidth":1,"strokeDashArray":null,"strokeLineCap":"butt","strokeDashOffset":0,"strokeLineJoin":"miter","strokeUniform":false,"strokeMiterLimit":4,"scaleX":1,"scaleY":1,"angle":0,"flipX":false,"flipY":false,"opacity":0.2,"shadow":null,"visible":true,"backgroundColor":"","fillRule":"nonzero","paintFirst":"fill","globalCompositeOperation":"source-over","skewX":0,"skewY":0,"x1":85,"x2":-85,"y1":-1.0409497792752502e-14,"y2":1.0409497792752502e-14},{"type":"text","version":"5.1.0","originX":"center","originY":"center","left":-180.5,"top":-0.5,"width":16.85,"height":11.3,"fill":"black","stroke":null,"strokeWidth":1,"strokeDashArray":null,"strokeLineCap":"butt","strokeDashOffset":0,"strokeLineJoin":"miter","strokeUniform":false,"strokeMiterLimit":4,"scaleX":1,"scaleY":1,"angle":0,"flipX":false,"flipY":false,"opacity":0.2,"shadow":null,"visible":true,"backgroundColor":"","fillRule":"nonzero","paintFirst":"fill","globalCompositeOperation":"source-over","skewX":0,"skewY":0,"fontFamily":"Roboto","fontWeight":"normal","fontSize":10,"text":"180","underline":false,"overline":false,"linethrough":false,"textAlign":"left","fontStyle":"normal","lineHeight":1.16,"textBackgroundColor":"","charSpacing":0,"styles":{},"direction":"ltr","path":null,"pathStartOffset":0,"pathSide":"left","pathAlign":"baseline"},{"type":"line","version":"5.1.0","originX":"left","originY":"top","left":-159.88,"top":-43.21,"width":4.83,"height":1.29,"fill":"rgb(0,0,0)","stroke":"black","strokeWidth":1,"strokeDashArray":null,"strokeLineCap":"butt","strokeDashOffset":0,"strokeLineJoin":"miter","strokeUniform":false,"strokeMiterLimit":4,"scaleX":1,"scaleY":1,"angle":0,"flipX":false,"flipY":false,"opacity":0.2,"shadow":null,"visible":true,"backgroundColor":"","fillRule":"nonzero","paintFirst":"fill","globalCompositeOperation":"source-over","skewX":0,"skewY":0,"x1":2.414814565722665,"x2":-2.414814565722665,"y1":0.6470476127563032,"y2":-0.6470476127563032},{"type":"text","version":"5.1.0","originX":"center","originY":"center","left":-169.54,"top":-45.79,"width":16.85,"height":11.3,"fill":"black","stroke":null,"strokeWidth":1,"strokeDashArray":null,"strokeLineCap":"butt","strokeDashOffset":0,"strokeLineJoin":"miter","strokeUniform":false,"strokeMiterLimit":4,"scaleX":1,"scaleY":1,"angle":0,"flipX":false,"flipY":false,"opacity":0.2,"shadow":null,"visible":true,"backgroundColor":"","fillRule":"nonzero","paintFirst":"fill","globalCompositeOperation":"source-over","skewX":0,"skewY":0,"fontFamily":"Roboto","fontWeight":"normal","fontSize":10,"text":"195","underline":false,"overline":false,"linethrough":false,"textAlign":"left","fontStyle":"normal","lineHeight":1.16,"textBackgroundColor":"","charSpacing":0,"styles":{},"direction":"ltr","path":null,"pathStartOffset":0,"pathSide":"left","pathAlign":"baseline"},{"type":"line","version":"5.1.0","originX":"left","originY":"top","left":-143.39,"top":-83,"width":4.33,"height":2.5,"fill":"rgb(0,0,0)","stroke":"black","strokeWidth":1,"strokeDashArray":null,"strokeLineCap":"butt","strokeDashOffset":0,"strokeLineJoin":"miter","strokeUniform":false,"strokeMiterLimit":4,"scaleX":1,"scaleY":1,"angle":0,"flipX":false,"flipY":false,"opacity":0.2,"shadow":null,"visible":true,"backgroundColor":"","fillRule":"nonzero","paintFirst":"fill","globalCompositeOperation":"source-over","skewX":0,"skewY":0,"x1":2.165063509461106,"x2":-2.165063509461106,"y1":1.25,"y2":-1.25},{"type":"text","version":"5.1.0","originX":"center","originY":"center","left":-152.05,"top":-88,"width":16.85,"height":11.3,"fill":"black","stroke":null,"strokeWidth":1,"strokeDashArray":null,"strokeLineCap":"butt","strokeDashOffset":0,"strokeLineJoin":"miter","strokeUniform":false,"strokeMiterLimit":4,"scaleX":1,"scaleY":1,"angle":0,"flipX":false,"flipY":false,"opacity":0.2,"shadow":null,"visible":true,"backgroundColor":"","fillRule":"nonzero","paintFirst":"fill","globalCompositeOperation":"source-over","skewX":0,"skewY":0,"fontFamily":"Roboto","fontWeight":"normal","fontSize":10,"text":"210","underline":false,"overline":false,"linethrough":false,"textAlign":"left","fontStyle":"normal","lineHeight":1.16,"textBackgroundColor":"","charSpacing":0,"styles":{},"direction":"ltr","path":null,"pathStartOffset":0,"pathSide":"left","pathAlign":"baseline"},{"type":"line","version":"5.1.0","originX":"left","originY":"top","left":-120.71,"top":-120.71,"width":120.21,"height":120.21,"fill":"rgb(0,0,0)","stroke":"black","strokeWidth":1,"strokeDashArray":null,"strokeLineCap":"butt","strokeDashOffset":0,"strokeLineJoin":"miter","strokeUniform":false,"strokeMiterLimit":4,"scaleX":1,"scaleY":1,"angle":0,"flipX":false,"flipY":false,"opacity":0.2,"shadow":null,"visible":true,"backgroundColor":"","fillRule":"nonzero","paintFirst":"fill","globalCompositeOperation":"source-over","skewX":0,"skewY":0,"x1":60.104076400856556,"x2":-60.104076400856556,"y1":60.104076400856535,"y2":-60.104076400856535},{"type":"text","version":"5.1.0","originX":"center","originY":"center","left":-127.78,"top":-127.78,"width":16.85,"height":11.3,"fill":"black","stroke":null,"strokeWidth":1,"strokeDashArray":null,"strokeLineCap":"butt","strokeDashOffset":0,"strokeLineJoin":"miter","strokeUniform":false,"strokeMiterLimit":4,"scaleX":1,"scaleY":1,"angle":0,"flipX":false,"flipY":false,"opacity":0.2,"shadow":null,"visible":true,"backgroundColor":"","fillRule":"nonzero","paintFirst":"fill","globalCompositeOperation":"source-over","skewX":0,"skewY":0,"fontFamily":"Roboto","fontWeight":"normal","fontSize":10,"text":"225","underline":false,"overline":false,"linethrough":false,"textAlign":"left","fontStyle":"normal","lineHeight":1.16,"textBackgroundColor":"","charSpacing":0,"styles":{},"direction":"ltr","path":null,"pathStartOffset":0,"pathSide":"left","pathAlign":"baseline"},{"type":"line","version":"5.1.0","originX":"left","originY":"top","left":-83,"top":-143.39,"width":2.5,"height":4.33,"fill":"rgb(0,0,0)","stroke":"black","strokeWidth":1,"strokeDashArray":null,"strokeLineCap":"butt","strokeDashOffset":0,"strokeLineJoin":"miter","strokeUniform":false,"strokeMiterLimit":4,"scaleX":1,"scaleY":1,"angle":0,"flipX":false,"flipY":false,"opacity":0.2,"shadow":null,"visible":true,"backgroundColor":"","fillRule":"nonzero","paintFirst":"fill","globalCompositeOperation":"source-over","skewX":0,"skewY":0,"x1":1.25,"x2":-1.25,"y1":2.165063509461092,"y2":-2.165063509461092},{"type":"text","version":"5.1.0","originX":"center","originY":"center","left":-88,"top":-152.05,"width":16.85,"height":11.3,"fill":"black","stroke":null,"strokeWidth":1,"strokeDashArray":null,"strokeLineCap":"butt","strokeDashOffset":0,"strokeLineJoin":"miter","strokeUniform":false,"strokeMiterLimit":4,"scaleX":1,"scaleY":1,"angle":0,"flipX":false,"flipY":false,"opacity":0.2,"shadow":null,"visible":true,"backgroundColor":"","fillRule":"nonzero","paintFirst":"fill","globalCompositeOperation":"source-over","skewX":0,"skewY":0,"fontFamily":"Roboto","fontWeight":"normal","fontSize":10,"text":"240","underline":false,"overline":false,"linethrough":false,"textAlign":"left","fontStyle":"normal","lineHeight":1.16,"textBackgroundColor":"","charSpacing":0,"styles":{},"direction":"ltr","path":null,"pathStartOffset":0,"pathSide":"left","pathAlign":"baseline"},{"type":"line","version":"5.1.0","originX":"left","originY":"top","left":-43.21,"top":-159.88,"width":1.29,"height":4.83,"fill":"rgb(0,0,0)","stroke":"black","strokeWidth":1,"strokeDashArray":null,"strokeLineCap":"butt","strokeDashOffset":0,"strokeLineJoin":"miter","strokeUniform":false,"strokeMiterLimit":4,"scaleX":1,"scaleY":1,"angle":0,"flipX":false,"flipY":false,"opacity":0.2,"shadow":null,"visible":true,"backgroundColor":"","fillRule":"nonzero","paintFirst":"fill","globalCompositeOperation":"source-over","skewX":0,"skewY":0,"x1":0.6470476127562996,"x2":-0.6470476127562996,"y1":2.414814565722679,"y2":-2.414814565722679},{"type":"text","version":"5.1.0","originX":"center","originY":"center","left":-45.79,"top":-169.54,"width":16.85,"height":11.3,"fill":"black","stroke":null,"strokeWidth":1,"strokeDashArray":null,"strokeLineCap":"butt","strokeDashOffset":0,"strokeLineJoin":"miter","strokeUniform":false,"strokeMiterLimit":4,"scaleX":1,"scaleY":1,"angle":0,"flipX":false,"flipY":false,"opacity":0.2,"shadow":null,"visible":true,"backgroundColor":"","fillRule":"nonzero","paintFirst":"fill","globalCompositeOperation":"source-over","skewX":0,"skewY":0,"fontFamily":"Roboto","fontWeight":"normal","fontSize":10,"text":"255","underline":false,"overline":false,"linethrough":false,"textAlign":"left","fontStyle":"normal","lineHeight":1.16,"textBackgroundColor":"","charSpacing":0,"styles":{},"direction":"ltr","path":null,"pathStartOffset":0,"pathSide":"left","pathAlign":"baseline"},{"type":"line","version":"5.1.0","originX":"left","originY":"top","left":-0.5,"top":-170.5,"width":0,"height":170,"fill":"rgb(0,0,0)","stroke":"black","strokeWidth":1,"strokeDashArray":null,"strokeLineCap":"butt","strokeDashOffset":0,"strokeLineJoin":"miter","strokeUniform":false,"strokeMiterLimit":4,"scaleX":1,"scaleY":1,"angle":0,"flipX":false,"flipY":false,"opacity":0.2,"shadow":null,"visible":true,"backgroundColor":"","fillRule":"nonzero","paintFirst":"fill","globalCompositeOperation":"source-over","skewX":0,"skewY":0,"x1":1.5614246689128753e-14,"x2":-1.5614246689128753e-14,"y1":85,"y2":-85},{"type":"text","version":"5.1.0","originX":"center","originY":"center","left":-0.5,"top":-180.5,"width":16.85,"height":11.3,"fill":"black","stroke":null,"strokeWidth":1,"strokeDashArray":null,"strokeLineCap":"butt","strokeDashOffset":0,"strokeLineJoin":"miter","strokeUniform":false,"strokeMiterLimit":4,"scaleX":1,"scaleY":1,"angle":0,"flipX":false,"flipY":false,"opacity":0.2,"shadow":null,"visible":true,"backgroundColor":"","fillRule":"nonzero","paintFirst":"fill","globalCompositeOperation":"source-over","skewX":0,"skewY":0,"fontFamily":"Roboto","fontWeight":"normal","fontSize":10,"text":"270","underline":false,"overline":false,"linethrough":false,"textAlign":"left","fontStyle":"normal","lineHeight":1.16,"textBackgroundColor":"","charSpacing":0,"styles":{},"direction":"ltr","path":null,"pathStartOffset":0,"pathSide":"left","pathAlign":"baseline"},{"type":"line","version":"5.1.0","originX":"left","originY":"top","left":40.91,"top":-159.88,"width":1.29,"height":4.83,"fill":"rgb(0,0,0)","stroke":"black","strokeWidth":1,"strokeDashArray":null,"strokeLineCap":"butt","strokeDashOffset":0,"strokeLineJoin":"miter","strokeUniform":false,"strokeMiterLimit":4,"scaleX":1,"scaleY":1,"angle":0,"flipX":false,"flipY":false,"opacity":0.2,"shadow":null,"visible":true,"backgroundColor":"","fillRule":"nonzero","paintFirst":"fill","globalCompositeOperation":"source-over","skewX":0,"skewY":0,"x1":-0.6470476127563032,"x2":0.6470476127563032,"y1":2.414814565722679,"y2":-2.414814565722679},{"type":"text","version":"5.1.0","originX":"center","originY":"center","left":44.79,"top":-169.54,"width":16.85,"height":11.3,"fill":"black","stroke":null,"strokeWidth":1,"strokeDashArray":null,"strokeLineCap":"butt","strokeDashOffset":0,"strokeLineJoin":"miter","strokeUniform":false,"strokeMiterLimit":4,"scaleX":1,"scaleY":1,"angle":0,"flipX":false,"flipY":false,"opacity":0.2,"shadow":null,"visible":true,"backgroundColor":"","fillRule":"nonzero","paintFirst":"fill","globalCompositeOperation":"source-over","skewX":0,"skewY":0,"fontFamily":"Roboto","fontWeight":"normal","fontSize":10,"text":"285","underline":false,"overline":false,"linethrough":false,"textAlign":"left","fontStyle":"normal","lineHeight":1.16,"textBackgroundColor":"","charSpacing":0,"styles":{},"direction":"ltr","path":null,"pathStartOffset":0,"pathSide":"left","pathAlign":"baseline"},{"type":"line","version":"5.1.0","originX":"left","originY":"top","left":79.5,"top":-143.39,"width":2.5,"height":4.33,"fill":"rgb(0,0,0)","stroke":"black","strokeWidth":1,"strokeDashArray":null,"strokeLineCap":"butt","strokeDashOffset":0,"strokeLineJoin":"miter","strokeUniform":false,"strokeMiterLimit":4,"scaleX":1,"scaleY":1,"angle":0,"flipX":false,"flipY":false,"opacity":0.2,"shadow":null,"visible":true,"backgroundColor":"","fillRule":"nonzero","paintFirst":"fill","globalCompositeOperation":"source-over","skewX":0,"skewY":0,"x1":-1.25,"x2":1.25,"y1":2.165063509461106,"y2":-2.165063509461106},{"type":"text","version":"5.1.0","originX":"center","originY":"center","left":87,"top":-152.05,"width":16.85,"height":11.3,"fill":"black","stroke":null,"strokeWidth":1,"strokeDashArray":null,"strokeLineCap":"butt","strokeDashOffset":0,"strokeLineJoin":"miter","strokeUniform":false,"strokeMiterLimit":4,"scaleX":1,"scaleY":1,"angle":0,"flipX":false,"flipY":false,"opacity":0.2,"shadow":null,"visible":true,"backgroundColor":"","fillRule":"nonzero","paintFirst":"fill","globalCompositeOperation":"source-over","skewX":0,"skewY":0,"fontFamily":"Roboto","fontWeight":"normal","fontSize":10,"text":"300","underline":false,"overline":false,"linethrough":false,"textAlign":"left","fontStyle":"normal","lineHeight":1.16,"textBackgroundColor":"","charSpacing":0,"styles":{},"direction":"ltr","path":null,"pathStartOffset":0,"pathSide":"left","pathAlign":"baseline"},{"type":"line","version":"5.1.0","originX":"left","originY":"top","left":-0.5,"top":-120.71,"width":120.21,"height":120.21,"fill":"rgb(0,0,0)","stroke":"black","strokeWidth":1,"strokeDashArray":null,"strokeLineCap":"butt","strokeDashOffset":0,"strokeLineJoin":"miter","strokeUniform":false,"strokeMiterLimit":4,"scaleX":1,"scaleY":1,"angle":0,"flipX":false,"flipY":false,"opacity":0.2,"shadow":null,"visible":true,"backgroundColor":"","fillRule":"nonzero","paintFirst":"fill","globalCompositeOperation":"source-over","skewX":0,"skewY":0,"x1":-60.10407640085653,"x2":60.10407640085653,"y1":60.104076400856556,"y2":-60.104076400856556},{"type":"text","version":"5.1.0","originX":"center","originY":"center","left":126.78,"top":-127.78,"width":16.85,"height":11.3,"fill":"black","stroke":null,"strokeWidth":1,"strokeDashArray":null,"strokeLineCap":"butt","strokeDashOffset":0,"strokeLineJoin":"miter","strokeUniform":false,"strokeMiterLimit":4,"scaleX":1,"scaleY":1,"angle":0,"flipX":false,"flipY":false,"opacity":0.2,"shadow":null,"visible":true,"backgroundColor":"","fillRule":"nonzero","paintFirst":"fill","globalCompositeOperation":"source-over","skewX":0,"skewY":0,"fontFamily":"Roboto","fontWeight":"normal","fontSize":10,"text":"315","underline":false,"overline":false,"linethrough":false,"textAlign":"left","fontStyle":"normal","lineHeight":1.16,"textBackgroundColor":"","charSpacing":0,"styles":{},"direction":"ltr","path":null,"pathStartOffset":0,"pathSide":"left","pathAlign":"baseline"},{"type":"line","version":"5.1.0","originX":"left","originY":"top","left":138.06,"top":-83,"width":4.33,"height":2.5,"fill":"rgb(0,0,0)","stroke":"black","strokeWidth":1,"strokeDashArray":null,"strokeLineCap":"butt","strokeDashOffset":0,"strokeLineJoin":"miter","strokeUniform":false,"strokeMiterLimit":4,"scaleX":1,"scaleY":1,"angle":0,"flipX":false,"flipY":false,"opacity":0.2,"shadow":null,"visible":true,"backgroundColor":"","fillRule":"nonzero","paintFirst":"fill","globalCompositeOperation":"source-over","skewX":0,"skewY":0,"x1":-2.165063509461092,"x2":2.165063509461092,"y1":1.25,"y2":-1.25},{"type":"text","version":"5.1.0","originX":"center","originY":"center","left":151.05,"top":-88,"width":16.85,"height":11.3,"fill":"black","stroke":null,"strokeWidth":1,"strokeDashArray":null,"strokeLineCap":"butt","strokeDashOffset":0,"strokeLineJoin":"miter","strokeUniform":false,"strokeMiterLimit":4,"scaleX":1,"scaleY":1,"angle":0,"flipX":false,"flipY":false,"opacity":0.2,"shadow":null,"visible":true,"backgroundColor":"","fillRule":"nonzero","paintFirst":"fill","globalCompositeOperation":"source-over","skewX":0,"skewY":0,"fontFamily":"Roboto","fontWeight":"normal","fontSize":10,"text":"330","underline":false,"overline":false,"linethrough":false,"textAlign":"left","fontStyle":"normal","lineHeight":1.16,"textBackgroundColor":"","charSpacing":0,"styles":{},"direction":"ltr","path":null,"pathStartOffset":0,"pathSide":"left","pathAlign":"baseline"},{"type":"line","version":"5.1.0","originX":"left","originY":"top","left":154.05,"top":-43.21,"width":4.83,"height":1.29,"fill":"rgb(0,0,0)","stroke":"black","strokeWidth":1,"strokeDashArray":null,"strokeLineCap":"butt","strokeDashOffset":0,"strokeLineJoin":"miter","strokeUniform":false,"strokeMiterLimit":4,"scaleX":1,"scaleY":1,"angle":0,"flipX":false,"flipY":false,"opacity":0.2,"shadow":null,"visible":true,"backgroundColor":"","fillRule":"nonzero","paintFirst":"fill","globalCompositeOperation":"source-over","skewX":0,"skewY":0,"x1":-2.414814565722679,"x2":2.414814565722679,"y1":0.6470476127562996,"y2":-0.6470476127562996},{"type":"text","version":"5.1.0","originX":"center","originY":"center","left":168.54,"top":-45.79,"width":16.85,"height":11.3,"fill":"black","stroke":null,"strokeWidth":1,"strokeDashArray":null,"strokeLineCap":"butt","strokeDashOffset":0,"strokeLineJoin":"miter","strokeUniform":false,"strokeMiterLimit":4,"scaleX":1,"scaleY":1,"angle":0,"flipX":false,"flipY":false,"opacity":0.2,"shadow":null,"visible":true,"backgroundColor":"","fillRule":"nonzero","paintFirst":"fill","globalCompositeOperation":"source-over","skewX":0,"skewY":0,"fontFamily":"Roboto","fontWeight":"normal","fontSize":10,"text":"345","underline":false,"overline":false,"linethrough":false,"textAlign":"left","fontStyle":"normal","lineHeight":1.16,"textBackgroundColor":"","charSpacing":0,"styles":{},"direction":"ltr","path":null,"pathStartOffset":0,"pathSide":"left","pathAlign":"baseline"}],"objectType":"circularmask","corFundo":"#616161","larguraTela":540,"alturaTela":380,"linhasExternas":true,"raio":160}],"background":"#aaaaaa"}],"abas":["19929ca722a-992bb8-f3ae3250c6034acd-0001"],"cores":{"cores":[{"hex":"transparent","front":"no_color","editavel":false,"uid":"7d126k5l"},{"hex":"#000000","front":"black","editavel":false,"uid":"m64nbqza"},{"hex":"#ffffff","front":"white","editavel":false,"uid":"pqsbxnsh"},{"hex":"#ff0000","front":"color 01","editavel":true,"uid":"7mcj1lsf"},{"hex":"#ff3000","front":"color 02","editavel":true,"uid":"ike1lx2z"},{"hex":"#ff6000","front":"color 03","editavel":true,"uid":"xe6t5cfr"},{"hex":"#ff8f00","front":"color 04","editavel":true,"uid":"1d7bspzk"},{"hex":"#ffbf00","front":"color 05","editavel":true,"uid":"23pkg86k"},{"hex":"#ffef00","front":"color 06","editavel":true,"uid":"v1mbff3i"},{"hex":"#dfff00","front":"color 07","editavel":true,"uid":"yfnmo61r"},{"hex":"#afff00","front":"color 08","editavel":true,"uid":"reg1ar5z"},{"hex":"#80ff00","front":"color 09","editavel":true,"uid":"5hk8snbp"},{"hex":"#50ff00","front":"color 10","editavel":true,"uid":"5rsfaidi"},{"hex":"#20ff00","front":"color 11","editavel":true,"uid":"0hjlgefg"},{"hex":"#00ff10","front":"color 12","editavel":true,"uid":"7aj4ki2t"},{"hex":"#00ff40","front":"color 13","editavel":true,"uid":"zf9zv9fs"},{"hex":"#00ff70","front":"color 14","editavel":true,"uid":"8uzs2pwb"},{"hex":"#00ff9f","front":"color 15","editavel":true,"uid":"tcoqt0aa"},{"hex":"#00ffcf","front":"color 16","editavel":true,"uid":"etidybc1"},{"hex":"#00ffff","front":"color 17","editavel":true,"uid":"wifwcb3z"},{"hex":"#00cfff","front":"color 18","editavel":true,"uid":"nepv21lr"},{"hex":"#009fff","front":"color 19","editavel":true,"uid":"hqlhpdim"},{"hex":"#0070ff","front":"color 20","editavel":true,"uid":"i7a1wr9g"},{"hex":"#0040ff","front":"color 21","editavel":true,"uid":"ct3sxtof"},{"hex":"#0010ff","front":"color 22","editavel":true,"uid":"egroyxzo"},{"hex":"#2000ff","front":"color 23","editavel":true,"uid":"dmrh8h6x"},{"hex":"#5000ff","front":"color 24","editavel":true,"uid":"x0d795fd"},{"hex":"#8000ff","front":"color 25","editavel":true,"uid":"qgjwm6kn"},{"hex":"#af00ff","front":"color 26","editavel":true,"uid":"4gp1jti8"},{"hex":"#df00ff","front":"color 27","editavel":true,"uid":"z1t93j52"},{"hex":"#ff00ef","front":"color 28","editavel":true,"uid":"zqp8mkby"},{"hex":"#ff00bf","front":"color 29","editavel":true,"uid":"l1mtyx7z"},{"hex":"#ff008f","front":"color 30","editavel":true,"uid":"ytatwo0d"},{"hex":"#ff0060","front":"color 31","editavel":true,"uid":"rxcjvien"},{"hex":"#ff0030","front":"color 32","editavel":true,"uid":"1dir13ff"},{"hex":"#111111","front":"grey 1","editavel":true,"uid":"ymmqa4lq"},{"hex":"#222222","front":"grey 2","editavel":true,"uid":"38x3vx9g"},{"hex":"#333333","front":"grey 3","editavel":true,"uid":"qo75tlrt"},{"hex":"#444444","front":"grey 4","editavel":true,"uid":"a1yh9pkj"},{"hex":"#555555","front":"grey 5","editavel":true,"uid":"wmfcijjs"},{"hex":"#666666","front":"grey 6","editavel":true,"uid":"spoh8skk"},{"hex":"#777777","front":"grey 7","editavel":true,"uid":"d9n62rsx"},{"hex":"#888888","front":"grey 8","editavel":true,"uid":"e1ldmo2j"},{"hex":"#999999","front":"grey 9","editavel":true,"uid":"701w1ibh"},{"hex":"#aaaaaa","front":"grey 10","editavel":true,"uid":"g44u82u1"},{"hex":"#bbbbbb","front":"grey 11","editavel":true,"uid":"bnlkr5bq"},{"hex":"#cccccc","front":"grey 12","editavel":true,"uid":"vpw83bbl"},{"hex":"#dddddd","front":"grey 13","editavel":true,"uid":"ou44r7tv"},{"hex":"#eeeeee","front":"grey 14","editavel":true,"uid":"8pt7sixe"}]},"plugins":[],"version":"DEV","createdAt":"2025-09-08T17:03:04.402Z"}